{"name":"dll_0f26","content":{"./node_modules/_core-js@2.6.10@core-js/modules/_export.js":{"id":0,"buildMeta":{"providedExports":true}},"./node_modules/_core-js@2.6.10@core-js/modules/_an-object.js":{"id":3,"buildMeta":{"providedExports":true}},"./node_modules/_core-js@2.6.10@core-js/modules/_global.js":{"id":4,"buildMeta":{"providedExports":true}},"./node_modules/_core-js@2.6.10@core-js/modules/_is-object.js":{"id":5,"buildMeta":{"providedExports":true}},"./node_modules/_core-js@2.6.10@core-js/modules/_fails.js":{"id":6,"buildMeta":{"providedExports":true}},"./node_modules/_core-js@2.6.10@core-js/modules/_wks.js":{"id":7,"buildMeta":{"providedExports":true}},"./node_modules/_core-js@2.6.10@core-js/modules/_descriptors.js":{"id":8,"buildMeta":{"providedExports":true}},"./node_modules/_core-js@2.6.10@core-js/modules/_to-length.js":{"id":9,"buildMeta":{"providedExports":true}},"./node_modules/_core-js@2.6.10@core-js/modules/_object-dp.js":{"id":10,"buildMeta":{"providedExports":true}},"./node_modules/_core-js@2.6.10@core-js/modules/_to-object.js":{"id":11,"buildMeta":{"providedExports":true}},"./node_modules/_core-js@2.6.10@core-js/modules/_a-function.js":{"id":12,"buildMeta":{"providedExports":true}},"./node_modules/_core-js@2.6.10@core-js/modules/_core.js":{"id":13,"buildMeta":{"providedExports":true}},"./node_modules/_core-js@2.6.10@core-js/modules/_to-iobject.js":{"id":14,"buildMeta":{"providedExports":true}},"./node_modules/_core-js@2.6.10@core-js/modules/_has.js":{"id":15,"buildMeta":{"providedExports":true}},"./node_modules/_core-js@2.6.10@core-js/modules/_hide.js":{"id":16,"buildMeta":{"providedExports":true}},"./node_modules/_core-js@2.6.10@core-js/modules/_redefine.js":{"id":17,"buildMeta":{"providedExports":true}},"./node_modules/_core-js@2.6.10@core-js/modules/_object-gopd.js":{"id":18,"buildMeta":{"providedExports":true}},"./node_modules/_core-js@2.6.10@core-js/modules/_object-gpo.js":{"id":19,"buildMeta":{"providedExports":true}},"./node_modules/_core-js@2.6.10@core-js/modules/_string-html.js":{"id":20,"buildMeta":{"providedExports":true}},"./node_modules/_axios@0.18.1@axios/lib/utils.js":{"id":22,"buildMeta":{"providedExports":true}},"./node_modules/_core-js@2.6.10@core-js/modules/_ctx.js":{"id":23,"buildMeta":{"providedExports":true}},"./node_modules/_core-js@2.6.10@core-js/modules/_cof.js":{"id":25,"buildMeta":{"providedExports":true}},"./node_modules/_core-js@2.6.10@core-js/modules/_to-integer.js":{"id":26,"buildMeta":{"providedExports":true}},"./node_modules/_core-js@2.6.10@core-js/modules/_strict-method.js":{"id":27,"buildMeta":{"providedExports":true}},"./node_modules/_core-js@2.6.10@core-js/modules/_to-primitive.js":{"id":28,"buildMeta":{"providedExports":true}},"./node_modules/_core-js@2.6.10@core-js/modules/_defined.js":{"id":29,"buildMeta":{"providedExports":true}},"./node_modules/_core-js@2.6.10@core-js/modules/_object-sap.js":{"id":30,"buildMeta":{"providedExports":true}},"./node_modules/_core-js@2.6.10@core-js/modules/_array-methods.js":{"id":31,"buildMeta":{"providedExports":true}},"./node_modules/_core-js@2.6.10@core-js/modules/_object-keys.js":{"id":32,"buildMeta":{"providedExports":true}},"./node_modules/_core-js@2.6.10@core-js/modules/_object-create.js":{"id":33,"buildMeta":{"providedExports":true}},"./node_modules/_core-js@2.6.10@core-js/modules/_typed-array.js":{"id":34,"buildMeta":{"providedExports":true}},"./node_modules/_core-js@2.6.10@core-js/modules/_metadata.js":{"id":35,"buildMeta":{"providedExports":true}},"./node_modules/_core-js@2.6.10@core-js/modules/_property-desc.js":{"id":38,"buildMeta":{"providedExports":true}},"./node_modules/_core-js@2.6.10@core-js/modules/_library.js":{"id":39,"buildMeta":{"providedExports":true}},"./node_modules/_core-js@2.6.10@core-js/modules/_meta.js":{"id":40,"buildMeta":{"providedExports":true}},"./node_modules/_core-js@2.6.10@core-js/modules/_classof.js":{"id":41,"buildMeta":{"providedExports":true}},"./node_modules/_core-js@2.6.10@core-js/modules/_add-to-unscopables.js":{"id":42,"buildMeta":{"providedExports":true}},"./node_modules/_core-js@2.6.10@core-js/modules/_for-of.js":{"id":43,"buildMeta":{"providedExports":true}},"./node_modules/_core-js@2.6.10@core-js/modules/_uid.js":{"id":46,"buildMeta":{"providedExports":true}},"./node_modules/_core-js@2.6.10@core-js/modules/_to-absolute-index.js":{"id":47,"buildMeta":{"providedExports":true}},"./node_modules/_core-js@2.6.10@core-js/modules/_object-gopn.js":{"id":48,"buildMeta":{"providedExports":true}},"./node_modules/_core-js@2.6.10@core-js/modules/_iterators.js":{"id":49,"buildMeta":{"providedExports":true}},"./node_modules/_core-js@2.6.10@core-js/modules/_set-species.js":{"id":50,"buildMeta":{"providedExports":true}},"./node_modules/_core-js@2.6.10@core-js/modules/_an-instance.js":{"id":51,"buildMeta":{"providedExports":true}},"./node_modules/_core-js@2.6.10@core-js/modules/_redefine-all.js":{"id":52,"buildMeta":{"providedExports":true}},"./node_modules/_core-js@2.6.10@core-js/modules/_validate-collection.js":{"id":53,"buildMeta":{"providedExports":true}},"./node_modules/_core-js@2.6.10@core-js/modules/_set-to-string-tag.js":{"id":58,"buildMeta":{"providedExports":true}},"./node_modules/_core-js@2.6.10@core-js/modules/_string-trim.js":{"id":59,"buildMeta":{"providedExports":true}},"./node_modules/_process@0.11.10@process/browser.js":{"id":65,"buildMeta":{"providedExports":true}},"./node_modules/_core-js@2.6.10@core-js/modules/_shared.js":{"id":66,"buildMeta":{"providedExports":true}},"./node_modules/_core-js@2.6.10@core-js/modules/_iobject.js":{"id":67,"buildMeta":{"providedExports":true}},"./node_modules/_core-js@2.6.10@core-js/modules/_object-pie.js":{"id":68,"buildMeta":{"providedExports":true}},"./node_modules/_core-js@2.6.10@core-js/modules/core.get-iterator-method.js":{"id":69,"buildMeta":{"providedExports":true}},"./node_modules/_core-js@2.6.10@core-js/modules/_flags.js":{"id":70,"buildMeta":{"providedExports":true}},"./node_modules/_core-js@2.6.10@core-js/modules/_species-constructor.js":{"id":71,"buildMeta":{"providedExports":true}},"./node_modules/_core-js@2.6.10@core-js/modules/_array-includes.js":{"id":76,"buildMeta":{"providedExports":true}},"./node_modules/_core-js@2.6.10@core-js/modules/_object-gops.js":{"id":77,"buildMeta":{"providedExports":true}},"./node_modules/_core-js@2.6.10@core-js/modules/_is-array.js":{"id":78,"buildMeta":{"providedExports":true}},"./node_modules/_core-js@2.6.10@core-js/modules/_string-at.js":{"id":79,"buildMeta":{"providedExports":true}},"./node_modules/_core-js@2.6.10@core-js/modules/_iter-define.js":{"id":80,"buildMeta":{"providedExports":true}},"./node_modules/_core-js@2.6.10@core-js/modules/_iter-create.js":{"id":81,"buildMeta":{"providedExports":true}},"./node_modules/_core-js@2.6.10@core-js/modules/_is-regexp.js":{"id":82,"buildMeta":{"providedExports":true}},"./node_modules/_core-js@2.6.10@core-js/modules/_iter-detect.js":{"id":83,"buildMeta":{"providedExports":true}},"./node_modules/_core-js@2.6.10@core-js/modules/_regexp-exec-abstract.js":{"id":84,"buildMeta":{"providedExports":true}},"./node_modules/_core-js@2.6.10@core-js/modules/_fix-re-wks.js":{"id":85,"buildMeta":{"providedExports":true}},"./node_modules/_core-js@2.6.10@core-js/modules/_user-agent.js":{"id":86,"buildMeta":{"providedExports":true}},"./node_modules/_core-js@2.6.10@core-js/modules/_collection.js":{"id":87,"buildMeta":{"providedExports":true}},"./node_modules/_core-js@2.6.10@core-js/modules/_typed.js":{"id":88,"buildMeta":{"providedExports":true}},"./node_modules/_core-js@2.6.10@core-js/modules/_object-forced-pam.js":{"id":89,"buildMeta":{"providedExports":true}},"./node_modules/_core-js@2.6.10@core-js/modules/_set-collection-of.js":{"id":90,"buildMeta":{"providedExports":true}},"./node_modules/_core-js@2.6.10@core-js/modules/_set-collection-from.js":{"id":91,"buildMeta":{"providedExports":true}},"./node_modules/_axios@0.18.1@axios/lib/defaults.js":{"id":103,"buildMeta":{"providedExports":true}},"./node_modules/_core-js@2.6.10@core-js/modules/_dom-create.js":{"id":104,"buildMeta":{"providedExports":true}},"./node_modules/_core-js@2.6.10@core-js/modules/_wks-define.js":{"id":105,"buildMeta":{"providedExports":true}},"./node_modules/_core-js@2.6.10@core-js/modules/_shared-key.js":{"id":106,"buildMeta":{"providedExports":true}},"./node_modules/_core-js@2.6.10@core-js/modules/_enum-bug-keys.js":{"id":107,"buildMeta":{"providedExports":true}},"./node_modules/_core-js@2.6.10@core-js/modules/_html.js":{"id":108,"buildMeta":{"providedExports":true}},"./node_modules/_core-js@2.6.10@core-js/modules/_object-assign.js":{"id":109,"buildMeta":{"providedExports":true}},"./node_modules/_core-js@2.6.10@core-js/modules/_set-proto.js":{"id":110,"buildMeta":{"providedExports":true}},"./node_modules/_core-js@2.6.10@core-js/modules/_invoke.js":{"id":111,"buildMeta":{"providedExports":true}},"./node_modules/_core-js@2.6.10@core-js/modules/_string-ws.js":{"id":112,"buildMeta":{"providedExports":true}},"./node_modules/_core-js@2.6.10@core-js/modules/_inherit-if-required.js":{"id":113,"buildMeta":{"providedExports":true}},"./node_modules/_core-js@2.6.10@core-js/modules/_string-repeat.js":{"id":114,"buildMeta":{"providedExports":true}},"./node_modules/_core-js@2.6.10@core-js/modules/_math-sign.js":{"id":115,"buildMeta":{"providedExports":true}},"./node_modules/_core-js@2.6.10@core-js/modules/_math-expm1.js":{"id":116,"buildMeta":{"providedExports":true}},"./node_modules/_core-js@2.6.10@core-js/modules/_string-context.js":{"id":117,"buildMeta":{"providedExports":true}},"./node_modules/_core-js@2.6.10@core-js/modules/_fails-is-regexp.js":{"id":118,"buildMeta":{"providedExports":true}},"./node_modules/_core-js@2.6.10@core-js/modules/_is-array-iter.js":{"id":119,"buildMeta":{"providedExports":true}},"./node_modules/_core-js@2.6.10@core-js/modules/_create-property.js":{"id":120,"buildMeta":{"providedExports":true}},"./node_modules/_core-js@2.6.10@core-js/modules/_array-species-create.js":{"id":121,"buildMeta":{"providedExports":true}},"./node_modules/_core-js@2.6.10@core-js/modules/_array-fill.js":{"id":122,"buildMeta":{"providedExports":true}},"./node_modules/_core-js@2.6.10@core-js/modules/es6.array.iterator.js":{"id":123,"buildMeta":{"providedExports":true}},"./node_modules/_core-js@2.6.10@core-js/modules/_iter-step.js":{"id":124,"buildMeta":{"providedExports":true}},"./node_modules/_core-js@2.6.10@core-js/modules/_regexp-exec.js":{"id":125,"buildMeta":{"providedExports":true}},"./node_modules/_core-js@2.6.10@core-js/modules/_advance-string-index.js":{"id":126,"buildMeta":{"providedExports":true}},"./node_modules/_core-js@2.6.10@core-js/modules/_task.js":{"id":127,"buildMeta":{"providedExports":true}},"./node_modules/_core-js@2.6.10@core-js/modules/_microtask.js":{"id":128,"buildMeta":{"providedExports":true}},"./node_modules/_core-js@2.6.10@core-js/modules/_new-promise-capability.js":{"id":129,"buildMeta":{"providedExports":true}},"./node_modules/_core-js@2.6.10@core-js/modules/_typed-buffer.js":{"id":130,"buildMeta":{"providedExports":true}},"./node_modules/_core-js@2.6.10@core-js/modules/_own-keys.js":{"id":131,"buildMeta":{"providedExports":true}},"./node_modules/_core-js@2.6.10@core-js/modules/_replacer.js":{"id":132,"buildMeta":{"providedExports":true}},"./node_modules/_axios@0.18.1@axios/lib/helpers/bind.js":{"id":159,"buildMeta":{"providedExports":true}},"./node_modules/_axios@0.18.1@axios/lib/adapters/xhr.js":{"id":160,"buildMeta":{"providedExports":true}},"./node_modules/_axios@0.18.1@axios/lib/core/createError.js":{"id":161,"buildMeta":{"providedExports":true}},"./node_modules/_axios@0.18.1@axios/lib/cancel/isCancel.js":{"id":162,"buildMeta":{"providedExports":true}},"./node_modules/_axios@0.18.1@axios/lib/cancel/Cancel.js":{"id":163,"buildMeta":{"providedExports":true}},"./node_modules/_core-js@2.6.10@core-js/modules/_ie8-dom-define.js":{"id":164,"buildMeta":{"providedExports":true}},"./node_modules/_core-js@2.6.10@core-js/modules/_wks-ext.js":{"id":165,"buildMeta":{"providedExports":true}},"./node_modules/_core-js@2.6.10@core-js/modules/_object-keys-internal.js":{"id":166,"buildMeta":{"providedExports":true}},"./node_modules/_core-js@2.6.10@core-js/modules/_object-dps.js":{"id":167,"buildMeta":{"providedExports":true}},"./node_modules/_core-js@2.6.10@core-js/modules/_object-gopn-ext.js":{"id":168,"buildMeta":{"providedExports":true}},"./node_modules/_core-js@2.6.10@core-js/modules/_same-value.js":{"id":169,"buildMeta":{"providedExports":true}},"./node_modules/_core-js@2.6.10@core-js/modules/_bind.js":{"id":170,"buildMeta":{"providedExports":true}},"./node_modules/_core-js@2.6.10@core-js/modules/_parse-int.js":{"id":171,"buildMeta":{"providedExports":true}},"./node_modules/_core-js@2.6.10@core-js/modules/_parse-float.js":{"id":172,"buildMeta":{"providedExports":true}},"./node_modules/_core-js@2.6.10@core-js/modules/_a-number-value.js":{"id":173,"buildMeta":{"providedExports":true}},"./node_modules/_core-js@2.6.10@core-js/modules/_is-integer.js":{"id":174,"buildMeta":{"providedExports":true}},"./node_modules/_core-js@2.6.10@core-js/modules/_math-log1p.js":{"id":175,"buildMeta":{"providedExports":true}},"./node_modules/_core-js@2.6.10@core-js/modules/_math-fround.js":{"id":176,"buildMeta":{"providedExports":true}},"./node_modules/_core-js@2.6.10@core-js/modules/_iter-call.js":{"id":177,"buildMeta":{"providedExports":true}},"./node_modules/_core-js@2.6.10@core-js/modules/_array-reduce.js":{"id":178,"buildMeta":{"providedExports":true}},"./node_modules/_core-js@2.6.10@core-js/modules/_array-copy-within.js":{"id":179,"buildMeta":{"providedExports":true}},"./node_modules/_core-js@2.6.10@core-js/modules/es6.regexp.exec.js":{"id":180,"buildMeta":{"providedExports":true}},"./node_modules/_core-js@2.6.10@core-js/modules/es6.regexp.flags.js":{"id":181,"buildMeta":{"providedExports":true}},"./node_modules/_core-js@2.6.10@core-js/modules/_perform.js":{"id":182,"buildMeta":{"providedExports":true}},"./node_modules/_core-js@2.6.10@core-js/modules/_promise-resolve.js":{"id":183,"buildMeta":{"providedExports":true}},"./node_modules/_core-js@2.6.10@core-js/modules/es6.map.js":{"id":184,"buildMeta":{"providedExports":true}},"./node_modules/_core-js@2.6.10@core-js/modules/_collection-strong.js":{"id":185,"buildMeta":{"providedExports":true}},"./node_modules/_core-js@2.6.10@core-js/modules/es6.set.js":{"id":186,"buildMeta":{"providedExports":true}},"./node_modules/_core-js@2.6.10@core-js/modules/es6.weak-map.js":{"id":187,"buildMeta":{"providedExports":true}},"./node_modules/_core-js@2.6.10@core-js/modules/_collection-weak.js":{"id":188,"buildMeta":{"providedExports":true}},"./node_modules/_core-js@2.6.10@core-js/modules/_to-index.js":{"id":189,"buildMeta":{"providedExports":true}},"./node_modules/_core-js@2.6.10@core-js/modules/_flatten-into-array.js":{"id":190,"buildMeta":{"providedExports":true}},"./node_modules/_core-js@2.6.10@core-js/modules/_string-pad.js":{"id":191,"buildMeta":{"providedExports":true}},"./node_modules/_core-js@2.6.10@core-js/modules/_object-to-array.js":{"id":192,"buildMeta":{"providedExports":true}},"./node_modules/_core-js@2.6.10@core-js/modules/_collection-to-json.js":{"id":193,"buildMeta":{"providedExports":true}},"./node_modules/_core-js@2.6.10@core-js/modules/_array-from-iterable.js":{"id":194,"buildMeta":{"providedExports":true}},"./node_modules/_core-js@2.6.10@core-js/modules/_math-scale.js":{"id":195,"buildMeta":{"providedExports":true}},"./node_modules/_core-js@2.6.10@core-js/modules/core.is-iterable.js":{"id":196,"buildMeta":{"providedExports":true}},"./node_modules/_core-js@2.6.10@core-js/modules/_partial.js":{"id":197,"buildMeta":{"providedExports":true}},"./node_modules/_core-js@2.6.10@core-js/modules/_path.js":{"id":198,"buildMeta":{"providedExports":true}},"./node_modules/_core-js@2.6.10@core-js/modules/_object-define.js":{"id":199,"buildMeta":{"providedExports":true}},"./node_modules/_axios@0.18.1@axios/index.js":{"id":237,"buildMeta":{"providedExports":true}},"./node_modules/_axios@0.18.1@axios/lib/axios.js":{"id":238,"buildMeta":{"providedExports":true}},"./node_modules/_is-buffer@2.0.4@is-buffer/index.js":{"id":239,"buildMeta":{"providedExports":true}},"./node_modules/_axios@0.18.1@axios/lib/core/Axios.js":{"id":240,"buildMeta":{"providedExports":true}},"./node_modules/_axios@0.18.1@axios/lib/helpers/normalizeHeaderName.js":{"id":241,"buildMeta":{"providedExports":true}},"./node_modules/_axios@0.18.1@axios/lib/core/settle.js":{"id":242,"buildMeta":{"providedExports":true}},"./node_modules/_axios@0.18.1@axios/lib/core/enhanceError.js":{"id":243,"buildMeta":{"providedExports":true}},"./node_modules/_axios@0.18.1@axios/lib/helpers/buildURL.js":{"id":244,"buildMeta":{"providedExports":true}},"./node_modules/_axios@0.18.1@axios/lib/helpers/parseHeaders.js":{"id":245,"buildMeta":{"providedExports":true}},"./node_modules/_axios@0.18.1@axios/lib/helpers/isURLSameOrigin.js":{"id":246,"buildMeta":{"providedExports":true}},"./node_modules/_axios@0.18.1@axios/lib/helpers/cookies.js":{"id":247,"buildMeta":{"providedExports":true}},"./node_modules/_axios@0.18.1@axios/lib/core/InterceptorManager.js":{"id":248,"buildMeta":{"providedExports":true}},"./node_modules/_axios@0.18.1@axios/lib/core/dispatchRequest.js":{"id":249,"buildMeta":{"providedExports":true}},"./node_modules/_axios@0.18.1@axios/lib/core/transformData.js":{"id":250,"buildMeta":{"providedExports":true}},"./node_modules/_axios@0.18.1@axios/lib/helpers/isAbsoluteURL.js":{"id":251,"buildMeta":{"providedExports":true}},"./node_modules/_axios@0.18.1@axios/lib/helpers/combineURLs.js":{"id":252,"buildMeta":{"providedExports":true}},"./node_modules/_axios@0.18.1@axios/lib/cancel/CancelToken.js":{"id":253,"buildMeta":{"providedExports":true}},"./node_modules/_axios@0.18.1@axios/lib/helpers/spread.js":{"id":254,"buildMeta":{"providedExports":true}},"./node_modules/_core-js@2.6.10@core-js/index.js":{"id":255,"buildMeta":{"providedExports":true}},"./node_modules/_core-js@2.6.10@core-js/shim.js":{"id":256,"buildMeta":{"providedExports":true}},"./node_modules/_core-js@2.6.10@core-js/modules/es6.symbol.js":{"id":257,"buildMeta":{"providedExports":true}},"./node_modules/_core-js@2.6.10@core-js/modules/_function-to-string.js":{"id":258,"buildMeta":{"providedExports":true}},"./node_modules/_core-js@2.6.10@core-js/modules/_enum-keys.js":{"id":259,"buildMeta":{"providedExports":true}},"./node_modules/_core-js@2.6.10@core-js/modules/es6.object.create.js":{"id":260,"buildMeta":{"providedExports":true}},"./node_modules/_core-js@2.6.10@core-js/modules/es6.object.define-property.js":{"id":261,"buildMeta":{"providedExports":true}},"./node_modules/_core-js@2.6.10@core-js/modules/es6.object.define-properties.js":{"id":262,"buildMeta":{"providedExports":true}},"./node_modules/_core-js@2.6.10@core-js/modules/es6.object.get-own-property-descriptor.js":{"id":263,"buildMeta":{"providedExports":true}},"./node_modules/_core-js@2.6.10@core-js/modules/es6.object.get-prototype-of.js":{"id":264,"buildMeta":{"providedExports":true}},"./node_modules/_core-js@2.6.10@core-js/modules/es6.object.keys.js":{"id":265,"buildMeta":{"providedExports":true}},"./node_modules/_core-js@2.6.10@core-js/modules/es6.object.get-own-property-names.js":{"id":266,"buildMeta":{"providedExports":true}},"./node_modules/_core-js@2.6.10@core-js/modules/es6.object.freeze.js":{"id":267,"buildMeta":{"providedExports":true}},"./node_modules/_core-js@2.6.10@core-js/modules/es6.object.seal.js":{"id":268,"buildMeta":{"providedExports":true}},"./node_modules/_core-js@2.6.10@core-js/modules/es6.object.prevent-extensions.js":{"id":269,"buildMeta":{"providedExports":true}},"./node_modules/_core-js@2.6.10@core-js/modules/es6.object.is-frozen.js":{"id":270,"buildMeta":{"providedExports":true}},"./node_modules/_core-js@2.6.10@core-js/modules/es6.object.is-sealed.js":{"id":271,"buildMeta":{"providedExports":true}},"./node_modules/_core-js@2.6.10@core-js/modules/es6.object.is-extensible.js":{"id":272,"buildMeta":{"providedExports":true}},"./node_modules/_core-js@2.6.10@core-js/modules/es6.object.assign.js":{"id":273,"buildMeta":{"providedExports":true}},"./node_modules/_core-js@2.6.10@core-js/modules/es6.object.is.js":{"id":274,"buildMeta":{"providedExports":true}},"./node_modules/_core-js@2.6.10@core-js/modules/es6.object.set-prototype-of.js":{"id":275,"buildMeta":{"providedExports":true}},"./node_modules/_core-js@2.6.10@core-js/modules/es6.object.to-string.js":{"id":276,"buildMeta":{"providedExports":true}},"./node_modules/_core-js@2.6.10@core-js/modules/es6.function.bind.js":{"id":277,"buildMeta":{"providedExports":true}},"./node_modules/_core-js@2.6.10@core-js/modules/es6.function.name.js":{"id":278,"buildMeta":{"providedExports":true}},"./node_modules/_core-js@2.6.10@core-js/modules/es6.function.has-instance.js":{"id":279,"buildMeta":{"providedExports":true}},"./node_modules/_core-js@2.6.10@core-js/modules/es6.parse-int.js":{"id":280,"buildMeta":{"providedExports":true}},"./node_modules/_core-js@2.6.10@core-js/modules/es6.parse-float.js":{"id":281,"buildMeta":{"providedExports":true}},"./node_modules/_core-js@2.6.10@core-js/modules/es6.number.constructor.js":{"id":282,"buildMeta":{"providedExports":true}},"./node_modules/_core-js@2.6.10@core-js/modules/es6.number.to-fixed.js":{"id":283,"buildMeta":{"providedExports":true}},"./node_modules/_core-js@2.6.10@core-js/modules/es6.number.to-precision.js":{"id":284,"buildMeta":{"providedExports":true}},"./node_modules/_core-js@2.6.10@core-js/modules/es6.number.epsilon.js":{"id":285,"buildMeta":{"providedExports":true}},"./node_modules/_core-js@2.6.10@core-js/modules/es6.number.is-finite.js":{"id":286,"buildMeta":{"providedExports":true}},"./node_modules/_core-js@2.6.10@core-js/modules/es6.number.is-integer.js":{"id":287,"buildMeta":{"providedExports":true}},"./node_modules/_core-js@2.6.10@core-js/modules/es6.number.is-nan.js":{"id":288,"buildMeta":{"providedExports":true}},"./node_modules/_core-js@2.6.10@core-js/modules/es6.number.is-safe-integer.js":{"id":289,"buildMeta":{"providedExports":true}},"./node_modules/_core-js@2.6.10@core-js/modules/es6.number.max-safe-integer.js":{"id":290,"buildMeta":{"providedExports":true}},"./node_modules/_core-js@2.6.10@core-js/modules/es6.number.min-safe-integer.js":{"id":291,"buildMeta":{"providedExports":true}},"./node_modules/_core-js@2.6.10@core-js/modules/es6.number.parse-float.js":{"id":292,"buildMeta":{"providedExports":true}},"./node_modules/_core-js@2.6.10@core-js/modules/es6.number.parse-int.js":{"id":293,"buildMeta":{"providedExports":true}},"./node_modules/_core-js@2.6.10@core-js/modules/es6.math.acosh.js":{"id":294,"buildMeta":{"providedExports":true}},"./node_modules/_core-js@2.6.10@core-js/modules/es6.math.asinh.js":{"id":295,"buildMeta":{"providedExports":true}},"./node_modules/_core-js@2.6.10@core-js/modules/es6.math.atanh.js":{"id":296,"buildMeta":{"providedExports":true}},"./node_modules/_core-js@2.6.10@core-js/modules/es6.math.cbrt.js":{"id":297,"buildMeta":{"providedExports":true}},"./node_modules/_core-js@2.6.10@core-js/modules/es6.math.clz32.js":{"id":298,"buildMeta":{"providedExports":true}},"./node_modules/_core-js@2.6.10@core-js/modules/es6.math.cosh.js":{"id":299,"buildMeta":{"providedExports":true}},"./node_modules/_core-js@2.6.10@core-js/modules/es6.math.expm1.js":{"id":300,"buildMeta":{"providedExports":true}},"./node_modules/_core-js@2.6.10@core-js/modules/es6.math.fround.js":{"id":301,"buildMeta":{"providedExports":true}},"./node_modules/_core-js@2.6.10@core-js/modules/es6.math.hypot.js":{"id":302,"buildMeta":{"providedExports":true}},"./node_modules/_core-js@2.6.10@core-js/modules/es6.math.imul.js":{"id":303,"buildMeta":{"providedExports":true}},"./node_modules/_core-js@2.6.10@core-js/modules/es6.math.log10.js":{"id":304,"buildMeta":{"providedExports":true}},"./node_modules/_core-js@2.6.10@core-js/modules/es6.math.log1p.js":{"id":305,"buildMeta":{"providedExports":true}},"./node_modules/_core-js@2.6.10@core-js/modules/es6.math.log2.js":{"id":306,"buildMeta":{"providedExports":true}},"./node_modules/_core-js@2.6.10@core-js/modules/es6.math.sign.js":{"id":307,"buildMeta":{"providedExports":true}},"./node_modules/_core-js@2.6.10@core-js/modules/es6.math.sinh.js":{"id":308,"buildMeta":{"providedExports":true}},"./node_modules/_core-js@2.6.10@core-js/modules/es6.math.tanh.js":{"id":309,"buildMeta":{"providedExports":true}},"./node_modules/_core-js@2.6.10@core-js/modules/es6.math.trunc.js":{"id":310,"buildMeta":{"providedExports":true}},"./node_modules/_core-js@2.6.10@core-js/modules/es6.string.from-code-point.js":{"id":311,"buildMeta":{"providedExports":true}},"./node_modules/_core-js@2.6.10@core-js/modules/es6.string.raw.js":{"id":312,"buildMeta":{"providedExports":true}},"./node_modules/_core-js@2.6.10@core-js/modules/es6.string.trim.js":{"id":313,"buildMeta":{"providedExports":true}},"./node_modules/_core-js@2.6.10@core-js/modules/es6.string.iterator.js":{"id":314,"buildMeta":{"providedExports":true}},"./node_modules/_core-js@2.6.10@core-js/modules/es6.string.code-point-at.js":{"id":315,"buildMeta":{"providedExports":true}},"./node_modules/_core-js@2.6.10@core-js/modules/es6.string.ends-with.js":{"id":316,"buildMeta":{"providedExports":true}},"./node_modules/_core-js@2.6.10@core-js/modules/es6.string.includes.js":{"id":317,"buildMeta":{"providedExports":true}},"./node_modules/_core-js@2.6.10@core-js/modules/es6.string.repeat.js":{"id":318,"buildMeta":{"providedExports":true}},"./node_modules/_core-js@2.6.10@core-js/modules/es6.string.starts-with.js":{"id":319,"buildMeta":{"providedExports":true}},"./node_modules/_core-js@2.6.10@core-js/modules/es6.string.anchor.js":{"id":320,"buildMeta":{"providedExports":true}},"./node_modules/_core-js@2.6.10@core-js/modules/es6.string.big.js":{"id":321,"buildMeta":{"providedExports":true}},"./node_modules/_core-js@2.6.10@core-js/modules/es6.string.blink.js":{"id":322,"buildMeta":{"providedExports":true}},"./node_modules/_core-js@2.6.10@core-js/modules/es6.string.bold.js":{"id":323,"buildMeta":{"providedExports":true}},"./node_modules/_core-js@2.6.10@core-js/modules/es6.string.fixed.js":{"id":324,"buildMeta":{"providedExports":true}},"./node_modules/_core-js@2.6.10@core-js/modules/es6.string.fontcolor.js":{"id":325,"buildMeta":{"providedExports":true}},"./node_modules/_core-js@2.6.10@core-js/modules/es6.string.fontsize.js":{"id":326,"buildMeta":{"providedExports":true}},"./node_modules/_core-js@2.6.10@core-js/modules/es6.string.italics.js":{"id":327,"buildMeta":{"providedExports":true}},"./node_modules/_core-js@2.6.10@core-js/modules/es6.string.link.js":{"id":328,"buildMeta":{"providedExports":true}},"./node_modules/_core-js@2.6.10@core-js/modules/es6.string.small.js":{"id":329,"buildMeta":{"providedExports":true}},"./node_modules/_core-js@2.6.10@core-js/modules/es6.string.strike.js":{"id":330,"buildMeta":{"providedExports":true}},"./node_modules/_core-js@2.6.10@core-js/modules/es6.string.sub.js":{"id":331,"buildMeta":{"providedExports":true}},"./node_modules/_core-js@2.6.10@core-js/modules/es6.string.sup.js":{"id":332,"buildMeta":{"providedExports":true}},"./node_modules/_core-js@2.6.10@core-js/modules/es6.date.now.js":{"id":333,"buildMeta":{"providedExports":true}},"./node_modules/_core-js@2.6.10@core-js/modules/es6.date.to-json.js":{"id":334,"buildMeta":{"providedExports":true}},"./node_modules/_core-js@2.6.10@core-js/modules/es6.date.to-iso-string.js":{"id":335,"buildMeta":{"providedExports":true}},"./node_modules/_core-js@2.6.10@core-js/modules/_date-to-iso-string.js":{"id":336,"buildMeta":{"providedExports":true}},"./node_modules/_core-js@2.6.10@core-js/modules/es6.date.to-string.js":{"id":337,"buildMeta":{"providedExports":true}},"./node_modules/_core-js@2.6.10@core-js/modules/es6.date.to-primitive.js":{"id":338,"buildMeta":{"providedExports":true}},"./node_modules/_core-js@2.6.10@core-js/modules/_date-to-primitive.js":{"id":339,"buildMeta":{"providedExports":true}},"./node_modules/_core-js@2.6.10@core-js/modules/es6.array.is-array.js":{"id":340,"buildMeta":{"providedExports":true}},"./node_modules/_core-js@2.6.10@core-js/modules/es6.array.from.js":{"id":341,"buildMeta":{"providedExports":true}},"./node_modules/_core-js@2.6.10@core-js/modules/es6.array.of.js":{"id":342,"buildMeta":{"providedExports":true}},"./node_modules/_core-js@2.6.10@core-js/modules/es6.array.join.js":{"id":343,"buildMeta":{"providedExports":true}},"./node_modules/_core-js@2.6.10@core-js/modules/es6.array.slice.js":{"id":344,"buildMeta":{"providedExports":true}},"./node_modules/_core-js@2.6.10@core-js/modules/es6.array.sort.js":{"id":345,"buildMeta":{"providedExports":true}},"./node_modules/_core-js@2.6.10@core-js/modules/es6.array.for-each.js":{"id":346,"buildMeta":{"providedExports":true}},"./node_modules/_core-js@2.6.10@core-js/modules/_array-species-constructor.js":{"id":347,"buildMeta":{"providedExports":true}},"./node_modules/_core-js@2.6.10@core-js/modules/es6.array.map.js":{"id":348,"buildMeta":{"providedExports":true}},"./node_modules/_core-js@2.6.10@core-js/modules/es6.array.filter.js":{"id":349,"buildMeta":{"providedExports":true}},"./node_modules/_core-js@2.6.10@core-js/modules/es6.array.some.js":{"id":350,"buildMeta":{"providedExports":true}},"./node_modules/_core-js@2.6.10@core-js/modules/es6.array.every.js":{"id":351,"buildMeta":{"providedExports":true}},"./node_modules/_core-js@2.6.10@core-js/modules/es6.array.reduce.js":{"id":352,"buildMeta":{"providedExports":true}},"./node_modules/_core-js@2.6.10@core-js/modules/es6.array.reduce-right.js":{"id":353,"buildMeta":{"providedExports":true}},"./node_modules/_core-js@2.6.10@core-js/modules/es6.array.index-of.js":{"id":354,"buildMeta":{"providedExports":true}},"./node_modules/_core-js@2.6.10@core-js/modules/es6.array.last-index-of.js":{"id":355,"buildMeta":{"providedExports":true}},"./node_modules/_core-js@2.6.10@core-js/modules/es6.array.copy-within.js":{"id":356,"buildMeta":{"providedExports":true}},"./node_modules/_core-js@2.6.10@core-js/modules/es6.array.fill.js":{"id":357,"buildMeta":{"providedExports":true}},"./node_modules/_core-js@2.6.10@core-js/modules/es6.array.find.js":{"id":358,"buildMeta":{"providedExports":true}},"./node_modules/_core-js@2.6.10@core-js/modules/es6.array.find-index.js":{"id":359,"buildMeta":{"providedExports":true}},"./node_modules/_core-js@2.6.10@core-js/modules/es6.array.species.js":{"id":360,"buildMeta":{"providedExports":true}},"./node_modules/_core-js@2.6.10@core-js/modules/es6.regexp.constructor.js":{"id":361,"buildMeta":{"providedExports":true}},"./node_modules/_core-js@2.6.10@core-js/modules/es6.regexp.to-string.js":{"id":362,"buildMeta":{"providedExports":true}},"./node_modules/_core-js@2.6.10@core-js/modules/es6.regexp.match.js":{"id":363,"buildMeta":{"providedExports":true}},"./node_modules/_core-js@2.6.10@core-js/modules/es6.regexp.replace.js":{"id":364,"buildMeta":{"providedExports":true}},"./node_modules/_core-js@2.6.10@core-js/modules/es6.regexp.search.js":{"id":365,"buildMeta":{"providedExports":true}},"./node_modules/_core-js@2.6.10@core-js/modules/es6.regexp.split.js":{"id":366,"buildMeta":{"providedExports":true}},"./node_modules/_core-js@2.6.10@core-js/modules/es6.promise.js":{"id":367,"buildMeta":{"providedExports":true}},"./node_modules/_core-js@2.6.10@core-js/modules/es6.weak-set.js":{"id":368,"buildMeta":{"providedExports":true}},"./node_modules/_core-js@2.6.10@core-js/modules/es6.typed.array-buffer.js":{"id":369,"buildMeta":{"providedExports":true}},"./node_modules/_core-js@2.6.10@core-js/modules/es6.typed.data-view.js":{"id":370,"buildMeta":{"providedExports":true}},"./node_modules/_core-js@2.6.10@core-js/modules/es6.typed.int8-array.js":{"id":371,"buildMeta":{"providedExports":true}},"./node_modules/_core-js@2.6.10@core-js/modules/es6.typed.uint8-array.js":{"id":372,"buildMeta":{"providedExports":true}},"./node_modules/_core-js@2.6.10@core-js/modules/es6.typed.uint8-clamped-array.js":{"id":373,"buildMeta":{"providedExports":true}},"./node_modules/_core-js@2.6.10@core-js/modules/es6.typed.int16-array.js":{"id":374,"buildMeta":{"providedExports":true}},"./node_modules/_core-js@2.6.10@core-js/modules/es6.typed.uint16-array.js":{"id":375,"buildMeta":{"providedExports":true}},"./node_modules/_core-js@2.6.10@core-js/modules/es6.typed.int32-array.js":{"id":376,"buildMeta":{"providedExports":true}},"./node_modules/_core-js@2.6.10@core-js/modules/es6.typed.uint32-array.js":{"id":377,"buildMeta":{"providedExports":true}},"./node_modules/_core-js@2.6.10@core-js/modules/es6.typed.float32-array.js":{"id":378,"buildMeta":{"providedExports":true}},"./node_modules/_core-js@2.6.10@core-js/modules/es6.typed.float64-array.js":{"id":379,"buildMeta":{"providedExports":true}},"./node_modules/_core-js@2.6.10@core-js/modules/es6.reflect.apply.js":{"id":380,"buildMeta":{"providedExports":true}},"./node_modules/_core-js@2.6.10@core-js/modules/es6.reflect.construct.js":{"id":381,"buildMeta":{"providedExports":true}},"./node_modules/_core-js@2.6.10@core-js/modules/es6.reflect.define-property.js":{"id":382,"buildMeta":{"providedExports":true}},"./node_modules/_core-js@2.6.10@core-js/modules/es6.reflect.delete-property.js":{"id":383,"buildMeta":{"providedExports":true}},"./node_modules/_core-js@2.6.10@core-js/modules/es6.reflect.enumerate.js":{"id":384,"buildMeta":{"providedExports":true}},"./node_modules/_core-js@2.6.10@core-js/modules/es6.reflect.get.js":{"id":385,"buildMeta":{"providedExports":true}},"./node_modules/_core-js@2.6.10@core-js/modules/es6.reflect.get-own-property-descriptor.js":{"id":386,"buildMeta":{"providedExports":true}},"./node_modules/_core-js@2.6.10@core-js/modules/es6.reflect.get-prototype-of.js":{"id":387,"buildMeta":{"providedExports":true}},"./node_modules/_core-js@2.6.10@core-js/modules/es6.reflect.has.js":{"id":388,"buildMeta":{"providedExports":true}},"./node_modules/_core-js@2.6.10@core-js/modules/es6.reflect.is-extensible.js":{"id":389,"buildMeta":{"providedExports":true}},"./node_modules/_core-js@2.6.10@core-js/modules/es6.reflect.own-keys.js":{"id":390,"buildMeta":{"providedExports":true}},"./node_modules/_core-js@2.6.10@core-js/modules/es6.reflect.prevent-extensions.js":{"id":391,"buildMeta":{"providedExports":true}},"./node_modules/_core-js@2.6.10@core-js/modules/es6.reflect.set.js":{"id":392,"buildMeta":{"providedExports":true}},"./node_modules/_core-js@2.6.10@core-js/modules/es6.reflect.set-prototype-of.js":{"id":393,"buildMeta":{"providedExports":true}},"./node_modules/_core-js@2.6.10@core-js/modules/es7.array.includes.js":{"id":394,"buildMeta":{"providedExports":true}},"./node_modules/_core-js@2.6.10@core-js/modules/es7.array.flat-map.js":{"id":395,"buildMeta":{"providedExports":true}},"./node_modules/_core-js@2.6.10@core-js/modules/es7.array.flatten.js":{"id":396,"buildMeta":{"providedExports":true}},"./node_modules/_core-js@2.6.10@core-js/modules/es7.string.at.js":{"id":397,"buildMeta":{"providedExports":true}},"./node_modules/_core-js@2.6.10@core-js/modules/es7.string.pad-start.js":{"id":398,"buildMeta":{"providedExports":true}},"./node_modules/_core-js@2.6.10@core-js/modules/es7.string.pad-end.js":{"id":399,"buildMeta":{"providedExports":true}},"./node_modules/_core-js@2.6.10@core-js/modules/es7.string.trim-left.js":{"id":400,"buildMeta":{"providedExports":true}},"./node_modules/_core-js@2.6.10@core-js/modules/es7.string.trim-right.js":{"id":401,"buildMeta":{"providedExports":true}},"./node_modules/_core-js@2.6.10@core-js/modules/es7.string.match-all.js":{"id":402,"buildMeta":{"providedExports":true}},"./node_modules/_core-js@2.6.10@core-js/modules/es7.symbol.async-iterator.js":{"id":403,"buildMeta":{"providedExports":true}},"./node_modules/_core-js@2.6.10@core-js/modules/es7.symbol.observable.js":{"id":404,"buildMeta":{"providedExports":true}},"./node_modules/_core-js@2.6.10@core-js/modules/es7.object.get-own-property-descriptors.js":{"id":405,"buildMeta":{"providedExports":true}},"./node_modules/_core-js@2.6.10@core-js/modules/es7.object.values.js":{"id":406,"buildMeta":{"providedExports":true}},"./node_modules/_core-js@2.6.10@core-js/modules/es7.object.entries.js":{"id":407,"buildMeta":{"providedExports":true}},"./node_modules/_core-js@2.6.10@core-js/modules/es7.object.define-getter.js":{"id":408,"buildMeta":{"providedExports":true}},"./node_modules/_core-js@2.6.10@core-js/modules/es7.object.define-setter.js":{"id":409,"buildMeta":{"providedExports":true}},"./node_modules/_core-js@2.6.10@core-js/modules/es7.object.lookup-getter.js":{"id":410,"buildMeta":{"providedExports":true}},"./node_modules/_core-js@2.6.10@core-js/modules/es7.object.lookup-setter.js":{"id":411,"buildMeta":{"providedExports":true}},"./node_modules/_core-js@2.6.10@core-js/modules/es7.map.to-json.js":{"id":412,"buildMeta":{"providedExports":true}},"./node_modules/_core-js@2.6.10@core-js/modules/es7.set.to-json.js":{"id":413,"buildMeta":{"providedExports":true}},"./node_modules/_core-js@2.6.10@core-js/modules/es7.map.of.js":{"id":414,"buildMeta":{"providedExports":true}},"./node_modules/_core-js@2.6.10@core-js/modules/es7.set.of.js":{"id":415,"buildMeta":{"providedExports":true}},"./node_modules/_core-js@2.6.10@core-js/modules/es7.weak-map.of.js":{"id":416,"buildMeta":{"providedExports":true}},"./node_modules/_core-js@2.6.10@core-js/modules/es7.weak-set.of.js":{"id":417,"buildMeta":{"providedExports":true}},"./node_modules/_core-js@2.6.10@core-js/modules/es7.map.from.js":{"id":418,"buildMeta":{"providedExports":true}},"./node_modules/_core-js@2.6.10@core-js/modules/es7.set.from.js":{"id":419,"buildMeta":{"providedExports":true}},"./node_modules/_core-js@2.6.10@core-js/modules/es7.weak-map.from.js":{"id":420,"buildMeta":{"providedExports":true}},"./node_modules/_core-js@2.6.10@core-js/modules/es7.weak-set.from.js":{"id":421,"buildMeta":{"providedExports":true}},"./node_modules/_core-js@2.6.10@core-js/modules/es7.global.js":{"id":422,"buildMeta":{"providedExports":true}},"./node_modules/_core-js@2.6.10@core-js/modules/es7.system.global.js":{"id":423,"buildMeta":{"providedExports":true}},"./node_modules/_core-js@2.6.10@core-js/modules/es7.error.is-error.js":{"id":424,"buildMeta":{"providedExports":true}},"./node_modules/_core-js@2.6.10@core-js/modules/es7.math.clamp.js":{"id":425,"buildMeta":{"providedExports":true}},"./node_modules/_core-js@2.6.10@core-js/modules/es7.math.deg-per-rad.js":{"id":426,"buildMeta":{"providedExports":true}},"./node_modules/_core-js@2.6.10@core-js/modules/es7.math.degrees.js":{"id":427,"buildMeta":{"providedExports":true}},"./node_modules/_core-js@2.6.10@core-js/modules/es7.math.fscale.js":{"id":428,"buildMeta":{"providedExports":true}},"./node_modules/_core-js@2.6.10@core-js/modules/es7.math.iaddh.js":{"id":429,"buildMeta":{"providedExports":true}},"./node_modules/_core-js@2.6.10@core-js/modules/es7.math.isubh.js":{"id":430,"buildMeta":{"providedExports":true}},"./node_modules/_core-js@2.6.10@core-js/modules/es7.math.imulh.js":{"id":431,"buildMeta":{"providedExports":true}},"./node_modules/_core-js@2.6.10@core-js/modules/es7.math.rad-per-deg.js":{"id":432,"buildMeta":{"providedExports":true}},"./node_modules/_core-js@2.6.10@core-js/modules/es7.math.radians.js":{"id":433,"buildMeta":{"providedExports":true}},"./node_modules/_core-js@2.6.10@core-js/modules/es7.math.scale.js":{"id":434,"buildMeta":{"providedExports":true}},"./node_modules/_core-js@2.6.10@core-js/modules/es7.math.umulh.js":{"id":435,"buildMeta":{"providedExports":true}},"./node_modules/_core-js@2.6.10@core-js/modules/es7.math.signbit.js":{"id":436,"buildMeta":{"providedExports":true}},"./node_modules/_core-js@2.6.10@core-js/modules/es7.promise.finally.js":{"id":437,"buildMeta":{"providedExports":true}},"./node_modules/_core-js@2.6.10@core-js/modules/es7.promise.try.js":{"id":438,"buildMeta":{"providedExports":true}},"./node_modules/_core-js@2.6.10@core-js/modules/es7.reflect.define-metadata.js":{"id":439,"buildMeta":{"providedExports":true}},"./node_modules/_core-js@2.6.10@core-js/modules/es7.reflect.delete-metadata.js":{"id":440,"buildMeta":{"providedExports":true}},"./node_modules/_core-js@2.6.10@core-js/modules/es7.reflect.get-metadata.js":{"id":441,"buildMeta":{"providedExports":true}},"./node_modules/_core-js@2.6.10@core-js/modules/es7.reflect.get-metadata-keys.js":{"id":442,"buildMeta":{"providedExports":true}},"./node_modules/_core-js@2.6.10@core-js/modules/es7.reflect.get-own-metadata.js":{"id":443,"buildMeta":{"providedExports":true}},"./node_modules/_core-js@2.6.10@core-js/modules/es7.reflect.get-own-metadata-keys.js":{"id":444,"buildMeta":{"providedExports":true}},"./node_modules/_core-js@2.6.10@core-js/modules/es7.reflect.has-metadata.js":{"id":445,"buildMeta":{"providedExports":true}},"./node_modules/_core-js@2.6.10@core-js/modules/es7.reflect.has-own-metadata.js":{"id":446,"buildMeta":{"providedExports":true}},"./node_modules/_core-js@2.6.10@core-js/modules/es7.reflect.metadata.js":{"id":447,"buildMeta":{"providedExports":true}},"./node_modules/_core-js@2.6.10@core-js/modules/es7.asap.js":{"id":448,"buildMeta":{"providedExports":true}},"./node_modules/_core-js@2.6.10@core-js/modules/es7.observable.js":{"id":449,"buildMeta":{"providedExports":true}},"./node_modules/_core-js@2.6.10@core-js/modules/web.timers.js":{"id":450,"buildMeta":{"providedExports":true}},"./node_modules/_core-js@2.6.10@core-js/modules/web.immediate.js":{"id":451,"buildMeta":{"providedExports":true}},"./node_modules/_core-js@2.6.10@core-js/modules/web.dom.iterable.js":{"id":452,"buildMeta":{"providedExports":true}},"./node_modules/_core-js@2.6.10@core-js/modules/core.dict.js":{"id":453,"buildMeta":{"providedExports":true}},"./node_modules/_core-js@2.6.10@core-js/modules/_keyof.js":{"id":454,"buildMeta":{"providedExports":true}},"./node_modules/_core-js@2.6.10@core-js/modules/core.get-iterator.js":{"id":455,"buildMeta":{"providedExports":true}},"./node_modules/_core-js@2.6.10@core-js/modules/core.delay.js":{"id":456,"buildMeta":{"providedExports":true}},"./node_modules/_core-js@2.6.10@core-js/modules/core.function.part.js":{"id":457,"buildMeta":{"providedExports":true}},"./node_modules/_core-js@2.6.10@core-js/modules/core.object.is-object.js":{"id":458,"buildMeta":{"providedExports":true}},"./node_modules/_core-js@2.6.10@core-js/modules/core.object.classof.js":{"id":459,"buildMeta":{"providedExports":true}},"./node_modules/_core-js@2.6.10@core-js/modules/core.object.define.js":{"id":460,"buildMeta":{"providedExports":true}},"./node_modules/_core-js@2.6.10@core-js/modules/core.object.make.js":{"id":461,"buildMeta":{"providedExports":true}},"./node_modules/_core-js@2.6.10@core-js/modules/core.number.iterator.js":{"id":462,"buildMeta":{"providedExports":true}},"./node_modules/_core-js@2.6.10@core-js/modules/core.regexp.escape.js":{"id":463,"buildMeta":{"providedExports":true}},"./node_modules/_core-js@2.6.10@core-js/modules/core.string.escape-html.js":{"id":464,"buildMeta":{"providedExports":true}},"./node_modules/_core-js@2.6.10@core-js/modules/core.string.unescape-html.js":{"id":465,"buildMeta":{"providedExports":true}}}}