{"name":"element_7ae3","content":{"./node_modules/_async-validator@1.8.5@async-validator/es/util.js":{"id":1,"buildMeta":{"exportsType":"namespace","providedExports":["warning","format","isEmptyValue","isEmptyObject","asyncMap","complementError","deepMerge"]}},"./node_modules/_async-validator@1.8.5@async-validator/es/rule/index.js":{"id":2,"buildMeta":{"exportsType":"namespace","providedExports":["default"]}},"./node_modules/_vue@2.6.10@vue/dist/vue.runtime.esm.js":{"id":21,"buildMeta":{"exportsType":"namespace","providedExports":["default"]}},"./node_modules/_babel-runtime@6.26.0@babel-runtime/helpers/typeof.js":{"id":24,"buildMeta":{"providedExports":true}},"./node_modules/_webpack@4.41.2@webpack/buildin/global.js":{"id":36,"buildMeta":{"providedExports":true}},"./node_modules/_element-ui@2.10.1@element-ui/lib/utils/util.js":{"id":37,"buildMeta":{"providedExports":true}},"./node_modules/_element-ui@2.10.1@element-ui/lib/utils/dom.js":{"id":44,"buildMeta":{"providedExports":true}},"./node_modules/_core-js@2.6.10@core-js/library/modules/_global.js":{"id":45,"buildMeta":{"providedExports":true}},"./node_modules/_element-ui@2.10.1@element-ui/lib/mixins/emitter.js":{"id":54,"buildMeta":{"providedExports":true}},"./node_modules/_core-js@2.6.10@core-js/library/modules/_descriptors.js":{"id":55,"buildMeta":{"providedExports":true}},"./node_modules/_core-js@2.6.10@core-js/library/modules/_has.js":{"id":56,"buildMeta":{"providedExports":true}},"./node_modules/_babel-runtime@6.26.0@babel-runtime/helpers/extends.js":{"id":57,"buildMeta":{"providedExports":true}},"./node_modules/_core-js@2.6.10@core-js/library/modules/_hide.js":{"id":60,"buildMeta":{"providedExports":true}},"./node_modules/_core-js@2.6.10@core-js/library/modules/_object-dp.js":{"id":61,"buildMeta":{"providedExports":true}},"./node_modules/_core-js@2.6.10@core-js/library/modules/_to-iobject.js":{"id":62,"buildMeta":{"providedExports":true}},"./node_modules/_core-js@2.6.10@core-js/library/modules/_wks.js":{"id":63,"buildMeta":{"providedExports":true}},"./node_modules/_async-validator@1.8.5@async-validator/es/messages.js":{"id":64,"buildMeta":{"exportsType":"namespace","providedExports":["newMessages","messages"]}},"./node_modules/_process@0.11.10@process/browser.js":{"id":65,"buildMeta":{"providedExports":true}},"./node_modules/_core-js@2.6.10@core-js/library/modules/_core.js":{"id":72,"buildMeta":{"providedExports":true}},"./node_modules/_core-js@2.6.10@core-js/library/modules/_is-object.js":{"id":73,"buildMeta":{"providedExports":true}},"./node_modules/_core-js@2.6.10@core-js/library/modules/_fails.js":{"id":74,"buildMeta":{"providedExports":true}},"./node_modules/_async-validator@1.8.5@async-validator/es/validator/index.js":{"id":75,"buildMeta":{"exportsType":"namespace","providedExports":["default"]}},"./node_modules/_element-ui@2.10.1@element-ui/lib/locale/index.js":{"id":92,"buildMeta":{"providedExports":true}},"./node_modules/_element-ui@2.10.1@element-ui/lib/utils/merge.js":{"id":93,"buildMeta":{"providedExports":true}},"./node_modules/_throttle-debounce@1.1.0@throttle-debounce/debounce.js":{"id":94,"buildMeta":{"providedExports":true}},"./node_modules/_core-js@2.6.10@core-js/library/modules/_an-object.js":{"id":95,"buildMeta":{"providedExports":true}},"./node_modules/_core-js@2.6.10@core-js/library/modules/_property-desc.js":{"id":96,"buildMeta":{"providedExports":true}},"./node_modules/_core-js@2.6.10@core-js/library/modules/_object-keys.js":{"id":97,"buildMeta":{"providedExports":true}},"./node_modules/_core-js@2.6.10@core-js/library/modules/_library.js":{"id":98,"buildMeta":{"providedExports":true}},"./node_modules/_core-js@2.6.10@core-js/library/modules/_uid.js":{"id":99,"buildMeta":{"providedExports":true}},"./node_modules/_core-js@2.6.10@core-js/library/modules/_object-pie.js":{"id":100,"buildMeta":{"providedExports":true}},"./node_modules/_async-validator@1.8.5@async-validator/es/rule/required.js":{"id":101,"buildMeta":{"exportsType":"namespace","providedExports":["default"]}},"./node_modules/_async-validator@1.8.5@async-validator/es/validator/type.js":{"id":102,"buildMeta":{"exportsType":"namespace","providedExports":["default"]}},"./node_modules/_timers-browserify@2.0.11@timers-browserify/main.js":{"id":133,"buildMeta":{"providedExports":true}},"./node_modules/_setimmediate@1.0.5@setimmediate/setImmediate.js":{"id":134,"buildMeta":{"providedExports":true}},"./node_modules/_element-ui@2.10.1@element-ui/lib/mixins/locale.js":{"id":135,"buildMeta":{"providedExports":true}},"./node_modules/_element-ui@2.10.1@element-ui/lib/utils/vue-popper.js":{"id":136,"buildMeta":{"providedExports":true}},"./node_modules/_element-ui@2.10.1@element-ui/lib/utils/scrollbar-width.js":{"id":137,"buildMeta":{"providedExports":true}},"./node_modules/_element-ui@2.10.1@element-ui/lib/input.js":{"id":138,"buildMeta":{"providedExports":true}},"./node_modules/_element-ui@2.10.1@element-ui/lib/utils/resize-event.js":{"id":139,"buildMeta":{"providedExports":true}},"./node_modules/_throttle-debounce@1.1.0@throttle-debounce/throttle.js":{"id":140,"buildMeta":{"providedExports":true}},"./node_modules/_element-ui@2.10.1@element-ui/lib/scrollbar.js":{"id":141,"buildMeta":{"providedExports":true}},"./node_modules/_element-ui@2.10.1@element-ui/lib/mixins/focus.js":{"id":142,"buildMeta":{"providedExports":true}},"./node_modules/_element-ui@2.10.1@element-ui/lib/utils/shared.js":{"id":143,"buildMeta":{"providedExports":true}},"./node_modules/_element-ui@2.10.1@element-ui/lib/utils/scroll-into-view.js":{"id":144,"buildMeta":{"providedExports":true}},"./node_modules/_element-ui@2.10.1@element-ui/lib/utils/aria-utils.js":{"id":145,"buildMeta":{"providedExports":true}},"./node_modules/_core-js@2.6.10@core-js/library/modules/_export.js":{"id":146,"buildMeta":{"providedExports":true}},"./node_modules/_core-js@2.6.10@core-js/library/modules/_to-primitive.js":{"id":147,"buildMeta":{"providedExports":true}},"./node_modules/_core-js@2.6.10@core-js/library/modules/_defined.js":{"id":148,"buildMeta":{"providedExports":true}},"./node_modules/_core-js@2.6.10@core-js/library/modules/_to-integer.js":{"id":149,"buildMeta":{"providedExports":true}},"./node_modules/_core-js@2.6.10@core-js/library/modules/_shared-key.js":{"id":150,"buildMeta":{"providedExports":true}},"./node_modules/_core-js@2.6.10@core-js/library/modules/_shared.js":{"id":151,"buildMeta":{"providedExports":true}},"./node_modules/_core-js@2.6.10@core-js/library/modules/_enum-bug-keys.js":{"id":152,"buildMeta":{"providedExports":true}},"./node_modules/_core-js@2.6.10@core-js/library/modules/_object-gops.js":{"id":153,"buildMeta":{"providedExports":true}},"./node_modules/_core-js@2.6.10@core-js/library/modules/_to-object.js":{"id":154,"buildMeta":{"providedExports":true}},"./node_modules/_core-js@2.6.10@core-js/library/modules/_iterators.js":{"id":155,"buildMeta":{"providedExports":true}},"./node_modules/_core-js@2.6.10@core-js/library/modules/_set-to-string-tag.js":{"id":156,"buildMeta":{"providedExports":true}},"./node_modules/_core-js@2.6.10@core-js/library/modules/_wks-ext.js":{"id":157,"buildMeta":{"providedExports":true}},"./node_modules/_core-js@2.6.10@core-js/library/modules/_wks-define.js":{"id":158,"buildMeta":{"providedExports":true}},"./node_modules/_element-ui@2.10.1@element-ui/lib/utils/date.js":{"id":200,"buildMeta":{"providedExports":true}},"./node_modules/_element-ui@2.10.1@element-ui/lib/utils/types.js":{"id":201,"buildMeta":{"providedExports":true}},"./node_modules/_element-ui@2.10.1@element-ui/lib/utils/popup/index.js":{"id":202,"buildMeta":{"providedExports":true}},"./node_modules/_element-ui@2.10.1@element-ui/lib/mixins/migrating.js":{"id":203,"buildMeta":{"providedExports":true}},"./node_modules/_element-ui@2.10.1@element-ui/lib/utils/clickoutside.js":{"id":204,"buildMeta":{"providedExports":true}},"./node_modules/_element-ui@2.10.1@element-ui/lib/checkbox.js":{"id":205,"buildMeta":{"providedExports":true}},"./node_modules/_babel-helper-vue-jsx-merge-props@2.0.3@babel-helper-vue-jsx-merge-props/index.js":{"id":206,"buildMeta":{"providedExports":true}},"./node_modules/_element-ui@2.10.1@element-ui/lib/tag.js":{"id":207,"buildMeta":{"providedExports":true}},"./node_modules/_core-js@2.6.10@core-js/library/modules/_ie8-dom-define.js":{"id":208,"buildMeta":{"providedExports":true}},"./node_modules/_core-js@2.6.10@core-js/library/modules/_dom-create.js":{"id":209,"buildMeta":{"providedExports":true}},"./node_modules/_core-js@2.6.10@core-js/library/modules/_object-keys-internal.js":{"id":210,"buildMeta":{"providedExports":true}},"./node_modules/_core-js@2.6.10@core-js/library/modules/_iobject.js":{"id":211,"buildMeta":{"providedExports":true}},"./node_modules/_core-js@2.6.10@core-js/library/modules/_cof.js":{"id":212,"buildMeta":{"providedExports":true}},"./node_modules/_core-js@2.6.10@core-js/library/modules/_iter-define.js":{"id":213,"buildMeta":{"providedExports":true}},"./node_modules/_core-js@2.6.10@core-js/library/modules/_redefine.js":{"id":214,"buildMeta":{"providedExports":true}},"./node_modules/_core-js@2.6.10@core-js/library/modules/_object-create.js":{"id":215,"buildMeta":{"providedExports":true}},"./node_modules/_core-js@2.6.10@core-js/library/modules/_object-gopn.js":{"id":216,"buildMeta":{"providedExports":true}},"./node_modules/_element-ui@2.10.1@element-ui/lib/radio.js":{"id":217,"buildMeta":{"providedExports":true}},"./node_modules/_async-validator@1.8.5@async-validator/es/validator/string.js":{"id":218,"buildMeta":{"exportsType":"namespace","providedExports":["default"]}},"./node_modules/_async-validator@1.8.5@async-validator/es/rule/whitespace.js":{"id":219,"buildMeta":{"exportsType":"namespace","providedExports":["default"]}},"./node_modules/_async-validator@1.8.5@async-validator/es/rule/type.js":{"id":220,"buildMeta":{"exportsType":"namespace","providedExports":["default"]}},"./node_modules/_async-validator@1.8.5@async-validator/es/rule/range.js":{"id":221,"buildMeta":{"exportsType":"namespace","providedExports":["default"]}},"./node_modules/_async-validator@1.8.5@async-validator/es/rule/enum.js":{"id":222,"buildMeta":{"exportsType":"namespace","providedExports":["default"]}},"./node_modules/_async-validator@1.8.5@async-validator/es/rule/pattern.js":{"id":223,"buildMeta":{"exportsType":"namespace","providedExports":["default"]}},"./node_modules/_async-validator@1.8.5@async-validator/es/validator/method.js":{"id":224,"buildMeta":{"exportsType":"namespace","providedExports":["default"]}},"./node_modules/_async-validator@1.8.5@async-validator/es/validator/number.js":{"id":225,"buildMeta":{"exportsType":"namespace","providedExports":["default"]}},"./node_modules/_async-validator@1.8.5@async-validator/es/validator/boolean.js":{"id":226,"buildMeta":{"exportsType":"namespace","providedExports":["default"]}},"./node_modules/_async-validator@1.8.5@async-validator/es/validator/regexp.js":{"id":227,"buildMeta":{"exportsType":"namespace","providedExports":["default"]}},"./node_modules/_async-validator@1.8.5@async-validator/es/validator/integer.js":{"id":228,"buildMeta":{"exportsType":"namespace","providedExports":["default"]}},"./node_modules/_async-validator@1.8.5@async-validator/es/validator/float.js":{"id":229,"buildMeta":{"exportsType":"namespace","providedExports":["default"]}},"./node_modules/_async-validator@1.8.5@async-validator/es/validator/array.js":{"id":230,"buildMeta":{"exportsType":"namespace","providedExports":["default"]}},"./node_modules/_async-validator@1.8.5@async-validator/es/validator/object.js":{"id":231,"buildMeta":{"exportsType":"namespace","providedExports":["default"]}},"./node_modules/_async-validator@1.8.5@async-validator/es/validator/enum.js":{"id":232,"buildMeta":{"exportsType":"namespace","providedExports":["default"]}},"./node_modules/_async-validator@1.8.5@async-validator/es/validator/pattern.js":{"id":233,"buildMeta":{"exportsType":"namespace","providedExports":["default"]}},"./node_modules/_async-validator@1.8.5@async-validator/es/validator/date.js":{"id":234,"buildMeta":{"exportsType":"namespace","providedExports":["default"]}},"./node_modules/_async-validator@1.8.5@async-validator/es/validator/required.js":{"id":235,"buildMeta":{"exportsType":"namespace","providedExports":["default"]}},"./node_modules/_element-ui@2.10.1@element-ui/lib/element-ui.common.js":{"id":467,"buildMeta":{"providedExports":true}},"./node_modules/_element-ui@2.10.1@element-ui/lib/utils/date-util.js":{"id":468,"buildMeta":{"providedExports":true}},"./node_modules/_element-ui@2.10.1@element-ui/lib/locale/lang/zh-CN.js":{"id":469,"buildMeta":{"providedExports":true}},"./node_modules/_deepmerge@1.5.2@deepmerge/dist/cjs.js":{"id":470,"buildMeta":{"providedExports":true}},"./node_modules/_element-ui@2.10.1@element-ui/lib/locale/format.js":{"id":471,"buildMeta":{"providedExports":true}},"./node_modules/_element-ui@2.10.1@element-ui/lib/utils/popup/popup-manager.js":{"id":472,"buildMeta":{"providedExports":true}},"./node_modules/_element-ui@2.10.1@element-ui/lib/utils/popper.js":{"id":473,"buildMeta":{"providedExports":true}},"./node_modules/_resize-observer-polyfill@1.5.1@resize-observer-polyfill/dist/ResizeObserver.es.js":{"id":474,"buildMeta":{"exportsType":"namespace","providedExports":["default"]}},"./node_modules/_element-ui@2.10.1@element-ui/lib/button.js":{"id":475,"buildMeta":{"providedExports":true}},"./node_modules/_element-ui@2.10.1@element-ui/lib/transitions/collapse-transition.js":{"id":476,"buildMeta":{"providedExports":true}},"./node_modules/_element-ui@2.10.1@element-ui/lib/utils/vdom.js":{"id":477,"buildMeta":{"providedExports":true}},"./node_modules/_element-ui@2.10.1@element-ui/lib/tooltip.js":{"id":478,"buildMeta":{"providedExports":true}},"./node_modules/_element-ui@2.10.1@element-ui/lib/checkbox-group.js":{"id":479,"buildMeta":{"providedExports":true}},"./node_modules/_element-ui@2.10.1@element-ui/lib/utils/after-leave.js":{"id":480,"buildMeta":{"providedExports":true}},"./node_modules/_element-ui@2.10.1@element-ui/lib/progress.js":{"id":481,"buildMeta":{"providedExports":true}},"./node_modules/_throttle-debounce@1.1.0@throttle-debounce/index.js":{"id":482,"buildMeta":{"providedExports":true}},"./node_modules/_element-ui@2.10.1@element-ui/lib/select.js":{"id":483,"buildMeta":{"providedExports":true}},"./node_modules/_element-ui@2.10.1@element-ui/lib/option.js":{"id":484,"buildMeta":{"providedExports":true}},"./node_modules/_element-ui@2.10.1@element-ui/lib/button-group.js":{"id":485,"buildMeta":{"providedExports":true}},"./node_modules/_normalize-wheel@1.0.1@normalize-wheel/index.js":{"id":486,"buildMeta":{"providedExports":true}},"./node_modules/_normalize-wheel@1.0.1@normalize-wheel/src/normalizeWheel.js":{"id":487,"buildMeta":{"providedExports":true}},"./node_modules/_normalize-wheel@1.0.1@normalize-wheel/src/UserAgent_DEPRECATED.js":{"id":488,"buildMeta":{"providedExports":true}},"./node_modules/_normalize-wheel@1.0.1@normalize-wheel/src/isEventSupported.js":{"id":489,"buildMeta":{"providedExports":true}},"./node_modules/_normalize-wheel@1.0.1@normalize-wheel/src/ExecutionEnvironment.js":{"id":490,"buildMeta":{"providedExports":true}},"./node_modules/_element-ui@2.10.1@element-ui/lib/utils/aria-dialog.js":{"id":491,"buildMeta":{"providedExports":true}},"./node_modules/_async-validator@1.8.5@async-validator/es/index.js":{"id":492,"buildMeta":{"exportsType":"namespace","providedExports":["default"]}},"./node_modules/_babel-runtime@6.26.0@babel-runtime/core-js/object/assign.js":{"id":493,"buildMeta":{"providedExports":true}},"./node_modules/_core-js@2.6.10@core-js/library/fn/object/assign.js":{"id":494,"buildMeta":{"providedExports":true}},"./node_modules/_core-js@2.6.10@core-js/library/modules/es6.object.assign.js":{"id":495,"buildMeta":{"providedExports":true}},"./node_modules/_core-js@2.6.10@core-js/library/modules/_ctx.js":{"id":496,"buildMeta":{"providedExports":true}},"./node_modules/_core-js@2.6.10@core-js/library/modules/_a-function.js":{"id":497,"buildMeta":{"providedExports":true}},"./node_modules/_core-js@2.6.10@core-js/library/modules/_object-assign.js":{"id":498,"buildMeta":{"providedExports":true}},"./node_modules/_core-js@2.6.10@core-js/library/modules/_array-includes.js":{"id":499,"buildMeta":{"providedExports":true}},"./node_modules/_core-js@2.6.10@core-js/library/modules/_to-length.js":{"id":500,"buildMeta":{"providedExports":true}},"./node_modules/_core-js@2.6.10@core-js/library/modules/_to-absolute-index.js":{"id":501,"buildMeta":{"providedExports":true}},"./node_modules/_babel-runtime@6.26.0@babel-runtime/core-js/symbol/iterator.js":{"id":502,"buildMeta":{"providedExports":true}},"./node_modules/_core-js@2.6.10@core-js/library/fn/symbol/iterator.js":{"id":503,"buildMeta":{"providedExports":true}},"./node_modules/_core-js@2.6.10@core-js/library/modules/es6.string.iterator.js":{"id":504,"buildMeta":{"providedExports":true}},"./node_modules/_core-js@2.6.10@core-js/library/modules/_string-at.js":{"id":505,"buildMeta":{"providedExports":true}},"./node_modules/_core-js@2.6.10@core-js/library/modules/_iter-create.js":{"id":506,"buildMeta":{"providedExports":true}},"./node_modules/_core-js@2.6.10@core-js/library/modules/_object-dps.js":{"id":507,"buildMeta":{"providedExports":true}},"./node_modules/_core-js@2.6.10@core-js/library/modules/_html.js":{"id":508,"buildMeta":{"providedExports":true}},"./node_modules/_core-js@2.6.10@core-js/library/modules/_object-gpo.js":{"id":509,"buildMeta":{"providedExports":true}},"./node_modules/_core-js@2.6.10@core-js/library/modules/web.dom.iterable.js":{"id":510,"buildMeta":{"providedExports":true}},"./node_modules/_core-js@2.6.10@core-js/library/modules/es6.array.iterator.js":{"id":511,"buildMeta":{"providedExports":true}},"./node_modules/_core-js@2.6.10@core-js/library/modules/_add-to-unscopables.js":{"id":512,"buildMeta":{"providedExports":true}},"./node_modules/_core-js@2.6.10@core-js/library/modules/_iter-step.js":{"id":513,"buildMeta":{"providedExports":true}},"./node_modules/_babel-runtime@6.26.0@babel-runtime/core-js/symbol.js":{"id":514,"buildMeta":{"providedExports":true}},"./node_modules/_core-js@2.6.10@core-js/library/fn/symbol/index.js":{"id":515,"buildMeta":{"providedExports":true}},"./node_modules/_core-js@2.6.10@core-js/library/modules/es6.symbol.js":{"id":516,"buildMeta":{"providedExports":true}},"./node_modules/_core-js@2.6.10@core-js/library/modules/_meta.js":{"id":517,"buildMeta":{"providedExports":true}},"./node_modules/_core-js@2.6.10@core-js/library/modules/_enum-keys.js":{"id":518,"buildMeta":{"providedExports":true}},"./node_modules/_core-js@2.6.10@core-js/library/modules/_is-array.js":{"id":519,"buildMeta":{"providedExports":true}},"./node_modules/_core-js@2.6.10@core-js/library/modules/_object-gopn-ext.js":{"id":520,"buildMeta":{"providedExports":true}},"./node_modules/_core-js@2.6.10@core-js/library/modules/_object-gopd.js":{"id":521,"buildMeta":{"providedExports":true}},"./node_modules/_core-js@2.6.10@core-js/library/modules/es6.object.to-string.js":{"id":522,"buildMeta":{"providedExports":true}},"./node_modules/_core-js@2.6.10@core-js/library/modules/es7.symbol.async-iterator.js":{"id":523,"buildMeta":{"providedExports":true}},"./node_modules/_core-js@2.6.10@core-js/library/modules/es7.symbol.observable.js":{"id":524,"buildMeta":{"providedExports":true}},"./node_modules/_element-ui@2.10.1@element-ui/lib/input-number.js":{"id":525,"buildMeta":{"providedExports":true}},"./node_modules/_element-ui@2.10.1@element-ui/lib/cascader-panel.js":{"id":526,"buildMeta":{"providedExports":true}}}}