{"name":"vuePolymerizationLib_fbe3","content":{"./node_modules/_vue@2.6.10@vue/dist/vue.runtime.esm.js":{"id":21,"buildMeta":{"exportsType":"namespace","providedExports":["default"]}},"./node_modules/_webpack@4.41.2@webpack/buildin/global.js":{"id":36,"buildMeta":{"providedExports":true}},"./node_modules/_process@0.11.10@process/browser.js":{"id":65,"buildMeta":{"providedExports":true}},"./node_modules/_timers-browserify@2.0.11@timers-browserify/main.js":{"id":133,"buildMeta":{"providedExports":true}},"./node_modules/_setimmediate@1.0.5@setimmediate/setImmediate.js":{"id":134,"buildMeta":{"providedExports":true}},"./node_modules/_vue-router@3.1.3@vue-router/dist/vue-router.esm.js":{"id":528,"buildMeta":{"exportsType":"namespace","providedExports":["default"]}},"./node_modules/_vuex@3.1.1@vuex/dist/vuex.esm.js":{"id":529,"buildMeta":{"exportsType":"namespace","providedExports":["default","Store","install","mapState","mapMutations","mapGetters","mapActions","createNamespacedHelpers"]}}}}