{"name":"dll_0b2e","content":{"./node_modules/_moment@2.24.0@moment/moment.js":{"id":0,"buildMeta":{"providedExports":true}},"./node_modules/_axios@0.17.1@axios/lib/utils.js":{"id":3,"buildMeta":{"providedExports":true}},"./node_modules/_process@0.11.10@process/browser.js":{"id":19,"buildMeta":{"providedExports":true}},"./node_modules/_axios@0.17.1@axios/lib/defaults.js":{"id":32,"buildMeta":{"providedExports":true}},"./node_modules/_axios@0.17.1@axios/lib/helpers/bind.js":{"id":57,"buildMeta":{"providedExports":true}},"./node_modules/_axios@0.17.1@axios/lib/adapters/xhr.js":{"id":58,"buildMeta":{"providedExports":true}},"./node_modules/_axios@0.17.1@axios/lib/core/createError.js":{"id":59,"buildMeta":{"providedExports":true}},"./node_modules/_axios@0.17.1@axios/lib/cancel/isCancel.js":{"id":60,"buildMeta":{"providedExports":true}},"./node_modules/_axios@0.17.1@axios/lib/cancel/Cancel.js":{"id":61,"buildMeta":{"providedExports":true}},"./node_modules/_moment@2.24.0@moment/locale/af.js":{"id":62,"buildMeta":{"providedExports":true}},"./node_modules/_moment@2.24.0@moment/locale/ar.js":{"id":63,"buildMeta":{"providedExports":true}},"./node_modules/_moment@2.24.0@moment/locale/ar-dz.js":{"id":64,"buildMeta":{"providedExports":true}},"./node_modules/_moment@2.24.0@moment/locale/ar-kw.js":{"id":65,"buildMeta":{"providedExports":true}},"./node_modules/_moment@2.24.0@moment/locale/ar-ly.js":{"id":66,"buildMeta":{"providedExports":true}},"./node_modules/_moment@2.24.0@moment/locale/ar-ma.js":{"id":67,"buildMeta":{"providedExports":true}},"./node_modules/_moment@2.24.0@moment/locale/ar-sa.js":{"id":68,"buildMeta":{"providedExports":true}},"./node_modules/_moment@2.24.0@moment/locale/ar-tn.js":{"id":69,"buildMeta":{"providedExports":true}},"./node_modules/_moment@2.24.0@moment/locale/az.js":{"id":70,"buildMeta":{"providedExports":true}},"./node_modules/_moment@2.24.0@moment/locale/be.js":{"id":71,"buildMeta":{"providedExports":true}},"./node_modules/_moment@2.24.0@moment/locale/bg.js":{"id":72,"buildMeta":{"providedExports":true}},"./node_modules/_moment@2.24.0@moment/locale/bm.js":{"id":73,"buildMeta":{"providedExports":true}},"./node_modules/_moment@2.24.0@moment/locale/bn.js":{"id":74,"buildMeta":{"providedExports":true}},"./node_modules/_moment@2.24.0@moment/locale/bo.js":{"id":75,"buildMeta":{"providedExports":true}},"./node_modules/_moment@2.24.0@moment/locale/br.js":{"id":76,"buildMeta":{"providedExports":true}},"./node_modules/_moment@2.24.0@moment/locale/bs.js":{"id":77,"buildMeta":{"providedExports":true}},"./node_modules/_moment@2.24.0@moment/locale/ca.js":{"id":78,"buildMeta":{"providedExports":true}},"./node_modules/_moment@2.24.0@moment/locale/cs.js":{"id":79,"buildMeta":{"providedExports":true}},"./node_modules/_moment@2.24.0@moment/locale/cv.js":{"id":80,"buildMeta":{"providedExports":true}},"./node_modules/_moment@2.24.0@moment/locale/cy.js":{"id":81,"buildMeta":{"providedExports":true}},"./node_modules/_moment@2.24.0@moment/locale/da.js":{"id":82,"buildMeta":{"providedExports":true}},"./node_modules/_moment@2.24.0@moment/locale/de.js":{"id":83,"buildMeta":{"providedExports":true}},"./node_modules/_moment@2.24.0@moment/locale/de-at.js":{"id":84,"buildMeta":{"providedExports":true}},"./node_modules/_moment@2.24.0@moment/locale/de-ch.js":{"id":85,"buildMeta":{"providedExports":true}},"./node_modules/_moment@2.24.0@moment/locale/dv.js":{"id":86,"buildMeta":{"providedExports":true}},"./node_modules/_moment@2.24.0@moment/locale/el.js":{"id":87,"buildMeta":{"providedExports":true}},"./node_modules/_moment@2.24.0@moment/locale/en-SG.js":{"id":88,"buildMeta":{"providedExports":true}},"./node_modules/_moment@2.24.0@moment/locale/en-au.js":{"id":89,"buildMeta":{"providedExports":true}},"./node_modules/_moment@2.24.0@moment/locale/en-ca.js":{"id":90,"buildMeta":{"providedExports":true}},"./node_modules/_moment@2.24.0@moment/locale/en-gb.js":{"id":91,"buildMeta":{"providedExports":true}},"./node_modules/_moment@2.24.0@moment/locale/en-ie.js":{"id":92,"buildMeta":{"providedExports":true}},"./node_modules/_moment@2.24.0@moment/locale/en-il.js":{"id":93,"buildMeta":{"providedExports":true}},"./node_modules/_moment@2.24.0@moment/locale/en-nz.js":{"id":94,"buildMeta":{"providedExports":true}},"./node_modules/_moment@2.24.0@moment/locale/eo.js":{"id":95,"buildMeta":{"providedExports":true}},"./node_modules/_moment@2.24.0@moment/locale/es.js":{"id":96,"buildMeta":{"providedExports":true}},"./node_modules/_moment@2.24.0@moment/locale/es-do.js":{"id":97,"buildMeta":{"providedExports":true}},"./node_modules/_moment@2.24.0@moment/locale/es-us.js":{"id":98,"buildMeta":{"providedExports":true}},"./node_modules/_moment@2.24.0@moment/locale/et.js":{"id":99,"buildMeta":{"providedExports":true}},"./node_modules/_moment@2.24.0@moment/locale/eu.js":{"id":100,"buildMeta":{"providedExports":true}},"./node_modules/_moment@2.24.0@moment/locale/fa.js":{"id":101,"buildMeta":{"providedExports":true}},"./node_modules/_moment@2.24.0@moment/locale/fi.js":{"id":102,"buildMeta":{"providedExports":true}},"./node_modules/_moment@2.24.0@moment/locale/fo.js":{"id":103,"buildMeta":{"providedExports":true}},"./node_modules/_moment@2.24.0@moment/locale/fr.js":{"id":104,"buildMeta":{"providedExports":true}},"./node_modules/_moment@2.24.0@moment/locale/fr-ca.js":{"id":105,"buildMeta":{"providedExports":true}},"./node_modules/_moment@2.24.0@moment/locale/fr-ch.js":{"id":106,"buildMeta":{"providedExports":true}},"./node_modules/_moment@2.24.0@moment/locale/fy.js":{"id":107,"buildMeta":{"providedExports":true}},"./node_modules/_moment@2.24.0@moment/locale/ga.js":{"id":108,"buildMeta":{"providedExports":true}},"./node_modules/_moment@2.24.0@moment/locale/gd.js":{"id":109,"buildMeta":{"providedExports":true}},"./node_modules/_moment@2.24.0@moment/locale/gl.js":{"id":110,"buildMeta":{"providedExports":true}},"./node_modules/_moment@2.24.0@moment/locale/gom-latn.js":{"id":111,"buildMeta":{"providedExports":true}},"./node_modules/_moment@2.24.0@moment/locale/gu.js":{"id":112,"buildMeta":{"providedExports":true}},"./node_modules/_moment@2.24.0@moment/locale/he.js":{"id":113,"buildMeta":{"providedExports":true}},"./node_modules/_moment@2.24.0@moment/locale/hi.js":{"id":114,"buildMeta":{"providedExports":true}},"./node_modules/_moment@2.24.0@moment/locale/hr.js":{"id":115,"buildMeta":{"providedExports":true}},"./node_modules/_moment@2.24.0@moment/locale/hu.js":{"id":116,"buildMeta":{"providedExports":true}},"./node_modules/_moment@2.24.0@moment/locale/hy-am.js":{"id":117,"buildMeta":{"providedExports":true}},"./node_modules/_moment@2.24.0@moment/locale/id.js":{"id":118,"buildMeta":{"providedExports":true}},"./node_modules/_moment@2.24.0@moment/locale/is.js":{"id":119,"buildMeta":{"providedExports":true}},"./node_modules/_moment@2.24.0@moment/locale/it.js":{"id":120,"buildMeta":{"providedExports":true}},"./node_modules/_moment@2.24.0@moment/locale/it-ch.js":{"id":121,"buildMeta":{"providedExports":true}},"./node_modules/_moment@2.24.0@moment/locale/ja.js":{"id":122,"buildMeta":{"providedExports":true}},"./node_modules/_moment@2.24.0@moment/locale/jv.js":{"id":123,"buildMeta":{"providedExports":true}},"./node_modules/_moment@2.24.0@moment/locale/ka.js":{"id":124,"buildMeta":{"providedExports":true}},"./node_modules/_moment@2.24.0@moment/locale/kk.js":{"id":125,"buildMeta":{"providedExports":true}},"./node_modules/_moment@2.24.0@moment/locale/km.js":{"id":126,"buildMeta":{"providedExports":true}},"./node_modules/_moment@2.24.0@moment/locale/kn.js":{"id":127,"buildMeta":{"providedExports":true}},"./node_modules/_moment@2.24.0@moment/locale/ko.js":{"id":128,"buildMeta":{"providedExports":true}},"./node_modules/_moment@2.24.0@moment/locale/ku.js":{"id":129,"buildMeta":{"providedExports":true}},"./node_modules/_moment@2.24.0@moment/locale/ky.js":{"id":130,"buildMeta":{"providedExports":true}},"./node_modules/_moment@2.24.0@moment/locale/lb.js":{"id":131,"buildMeta":{"providedExports":true}},"./node_modules/_moment@2.24.0@moment/locale/lo.js":{"id":132,"buildMeta":{"providedExports":true}},"./node_modules/_moment@2.24.0@moment/locale/lt.js":{"id":133,"buildMeta":{"providedExports":true}},"./node_modules/_moment@2.24.0@moment/locale/lv.js":{"id":134,"buildMeta":{"providedExports":true}},"./node_modules/_moment@2.24.0@moment/locale/me.js":{"id":135,"buildMeta":{"providedExports":true}},"./node_modules/_moment@2.24.0@moment/locale/mi.js":{"id":136,"buildMeta":{"providedExports":true}},"./node_modules/_moment@2.24.0@moment/locale/mk.js":{"id":137,"buildMeta":{"providedExports":true}},"./node_modules/_moment@2.24.0@moment/locale/ml.js":{"id":138,"buildMeta":{"providedExports":true}},"./node_modules/_moment@2.24.0@moment/locale/mn.js":{"id":139,"buildMeta":{"providedExports":true}},"./node_modules/_moment@2.24.0@moment/locale/mr.js":{"id":140,"buildMeta":{"providedExports":true}},"./node_modules/_moment@2.24.0@moment/locale/ms.js":{"id":141,"buildMeta":{"providedExports":true}},"./node_modules/_moment@2.24.0@moment/locale/ms-my.js":{"id":142,"buildMeta":{"providedExports":true}},"./node_modules/_moment@2.24.0@moment/locale/mt.js":{"id":143,"buildMeta":{"providedExports":true}},"./node_modules/_moment@2.24.0@moment/locale/my.js":{"id":144,"buildMeta":{"providedExports":true}},"./node_modules/_moment@2.24.0@moment/locale/nb.js":{"id":145,"buildMeta":{"providedExports":true}},"./node_modules/_moment@2.24.0@moment/locale/ne.js":{"id":146,"buildMeta":{"providedExports":true}},"./node_modules/_moment@2.24.0@moment/locale/nl.js":{"id":147,"buildMeta":{"providedExports":true}},"./node_modules/_moment@2.24.0@moment/locale/nl-be.js":{"id":148,"buildMeta":{"providedExports":true}},"./node_modules/_moment@2.24.0@moment/locale/nn.js":{"id":149,"buildMeta":{"providedExports":true}},"./node_modules/_moment@2.24.0@moment/locale/pa-in.js":{"id":150,"buildMeta":{"providedExports":true}},"./node_modules/_moment@2.24.0@moment/locale/pl.js":{"id":151,"buildMeta":{"providedExports":true}},"./node_modules/_moment@2.24.0@moment/locale/pt.js":{"id":152,"buildMeta":{"providedExports":true}},"./node_modules/_moment@2.24.0@moment/locale/pt-br.js":{"id":153,"buildMeta":{"providedExports":true}},"./node_modules/_moment@2.24.0@moment/locale/ro.js":{"id":154,"buildMeta":{"providedExports":true}},"./node_modules/_moment@2.24.0@moment/locale/ru.js":{"id":155,"buildMeta":{"providedExports":true}},"./node_modules/_moment@2.24.0@moment/locale/sd.js":{"id":156,"buildMeta":{"providedExports":true}},"./node_modules/_moment@2.24.0@moment/locale/se.js":{"id":157,"buildMeta":{"providedExports":true}},"./node_modules/_moment@2.24.0@moment/locale/si.js":{"id":158,"buildMeta":{"providedExports":true}},"./node_modules/_moment@2.24.0@moment/locale/sk.js":{"id":159,"buildMeta":{"providedExports":true}},"./node_modules/_moment@2.24.0@moment/locale/sl.js":{"id":160,"buildMeta":{"providedExports":true}},"./node_modules/_moment@2.24.0@moment/locale/sq.js":{"id":161,"buildMeta":{"providedExports":true}},"./node_modules/_moment@2.24.0@moment/locale/sr.js":{"id":162,"buildMeta":{"providedExports":true}},"./node_modules/_moment@2.24.0@moment/locale/sr-cyrl.js":{"id":163,"buildMeta":{"providedExports":true}},"./node_modules/_moment@2.24.0@moment/locale/ss.js":{"id":164,"buildMeta":{"providedExports":true}},"./node_modules/_moment@2.24.0@moment/locale/sv.js":{"id":165,"buildMeta":{"providedExports":true}},"./node_modules/_moment@2.24.0@moment/locale/sw.js":{"id":166,"buildMeta":{"providedExports":true}},"./node_modules/_moment@2.24.0@moment/locale/ta.js":{"id":167,"buildMeta":{"providedExports":true}},"./node_modules/_moment@2.24.0@moment/locale/te.js":{"id":168,"buildMeta":{"providedExports":true}},"./node_modules/_moment@2.24.0@moment/locale/tet.js":{"id":169,"buildMeta":{"providedExports":true}},"./node_modules/_moment@2.24.0@moment/locale/tg.js":{"id":170,"buildMeta":{"providedExports":true}},"./node_modules/_moment@2.24.0@moment/locale/th.js":{"id":171,"buildMeta":{"providedExports":true}},"./node_modules/_moment@2.24.0@moment/locale/tl-ph.js":{"id":172,"buildMeta":{"providedExports":true}},"./node_modules/_moment@2.24.0@moment/locale/tlh.js":{"id":173,"buildMeta":{"providedExports":true}},"./node_modules/_moment@2.24.0@moment/locale/tr.js":{"id":174,"buildMeta":{"providedExports":true}},"./node_modules/_moment@2.24.0@moment/locale/tzl.js":{"id":175,"buildMeta":{"providedExports":true}},"./node_modules/_moment@2.24.0@moment/locale/tzm.js":{"id":176,"buildMeta":{"providedExports":true}},"./node_modules/_moment@2.24.0@moment/locale/tzm-latn.js":{"id":177,"buildMeta":{"providedExports":true}},"./node_modules/_moment@2.24.0@moment/locale/ug-cn.js":{"id":178,"buildMeta":{"providedExports":true}},"./node_modules/_moment@2.24.0@moment/locale/uk.js":{"id":179,"buildMeta":{"providedExports":true}},"./node_modules/_moment@2.24.0@moment/locale/ur.js":{"id":180,"buildMeta":{"providedExports":true}},"./node_modules/_moment@2.24.0@moment/locale/uz.js":{"id":181,"buildMeta":{"providedExports":true}},"./node_modules/_moment@2.24.0@moment/locale/uz-latn.js":{"id":182,"buildMeta":{"providedExports":true}},"./node_modules/_moment@2.24.0@moment/locale/vi.js":{"id":183,"buildMeta":{"providedExports":true}},"./node_modules/_moment@2.24.0@moment/locale/x-pseudo.js":{"id":184,"buildMeta":{"providedExports":true}},"./node_modules/_moment@2.24.0@moment/locale/yo.js":{"id":185,"buildMeta":{"providedExports":true}},"./node_modules/_moment@2.24.0@moment/locale/zh-cn.js":{"id":186,"buildMeta":{"providedExports":true}},"./node_modules/_moment@2.24.0@moment/locale/zh-hk.js":{"id":187,"buildMeta":{"providedExports":true}},"./node_modules/_moment@2.24.0@moment/locale/zh-tw.js":{"id":188,"buildMeta":{"providedExports":true}},"./node_modules/_axios@0.17.1@axios/index.js":{"id":226,"buildMeta":{"providedExports":true}},"./node_modules/_axios@0.17.1@axios/lib/axios.js":{"id":227,"buildMeta":{"providedExports":true}},"./node_modules/_is-buffer@1.1.6@is-buffer/index.js":{"id":228,"buildMeta":{"providedExports":true}},"./node_modules/_axios@0.17.1@axios/lib/core/Axios.js":{"id":229,"buildMeta":{"providedExports":true}},"./node_modules/_axios@0.17.1@axios/lib/helpers/normalizeHeaderName.js":{"id":230,"buildMeta":{"providedExports":true}},"./node_modules/_axios@0.17.1@axios/lib/core/settle.js":{"id":231,"buildMeta":{"providedExports":true}},"./node_modules/_axios@0.17.1@axios/lib/core/enhanceError.js":{"id":232,"buildMeta":{"providedExports":true}},"./node_modules/_axios@0.17.1@axios/lib/helpers/buildURL.js":{"id":233,"buildMeta":{"providedExports":true}},"./node_modules/_axios@0.17.1@axios/lib/helpers/parseHeaders.js":{"id":234,"buildMeta":{"providedExports":true}},"./node_modules/_axios@0.17.1@axios/lib/helpers/isURLSameOrigin.js":{"id":235,"buildMeta":{"providedExports":true}},"./node_modules/_axios@0.17.1@axios/lib/helpers/btoa.js":{"id":236,"buildMeta":{"providedExports":true}},"./node_modules/_axios@0.17.1@axios/lib/helpers/cookies.js":{"id":237,"buildMeta":{"providedExports":true}},"./node_modules/_axios@0.17.1@axios/lib/core/InterceptorManager.js":{"id":238,"buildMeta":{"providedExports":true}},"./node_modules/_axios@0.17.1@axios/lib/core/dispatchRequest.js":{"id":239,"buildMeta":{"providedExports":true}},"./node_modules/_axios@0.17.1@axios/lib/core/transformData.js":{"id":240,"buildMeta":{"providedExports":true}},"./node_modules/_axios@0.17.1@axios/lib/helpers/isAbsoluteURL.js":{"id":241,"buildMeta":{"providedExports":true}},"./node_modules/_axios@0.17.1@axios/lib/helpers/combineURLs.js":{"id":242,"buildMeta":{"providedExports":true}},"./node_modules/_axios@0.17.1@axios/lib/cancel/CancelToken.js":{"id":243,"buildMeta":{"providedExports":true}},"./node_modules/_axios@0.17.1@axios/lib/helpers/spread.js":{"id":244,"buildMeta":{"providedExports":true}},"./node_modules/_jquery@3.3.1@jquery/dist/jquery.js":{"id":245,"buildMeta":{"providedExports":true}},"./node_modules/_webpack@4.41.0@webpack/buildin/module.js":{"id":246,"buildMeta":{"providedExports":true}},"./node_modules/_moment@2.24.0@moment/locale sync recursive ^\\.\\/.*$":{"id":247,"buildMeta":{"providedExports":true}}}}