{"name":"element_0403","content":{"./node_modules/_async-validator@1.8.5@async-validator/es/util.js":{"id":1,"buildMeta":{"exportsType":"namespace","providedExports":["warning","format","isEmptyValue","isEmptyObject","asyncMap","complementError","deepMerge"]}},"./node_modules/_async-validator@1.8.5@async-validator/es/rule/index.js":{"id":2,"buildMeta":{"exportsType":"namespace","providedExports":["default"]}},"./node_modules/_vue@2.6.10@vue/dist/vue.runtime.esm.js":{"id":4,"buildMeta":{"exportsType":"namespace","providedExports":["default"]}},"./node_modules/_babel-runtime@6.26.0@babel-runtime/helpers/typeof.js":{"id":5,"buildMeta":{"providedExports":true}},"./node_modules/_element-ui@2.4.6@element-ui/lib/utils/dom.js":{"id":6,"buildMeta":{"providedExports":true}},"./node_modules/_webpack@4.41.0@webpack/buildin/global.js":{"id":7,"buildMeta":{"providedExports":true}},"./node_modules/_core-js@2.6.9@core-js/library/modules/_global.js":{"id":8,"buildMeta":{"providedExports":true}},"./node_modules/_element-ui@2.4.6@element-ui/lib/utils/util.js":{"id":9,"buildMeta":{"providedExports":true}},"./node_modules/_core-js@2.6.9@core-js/library/modules/_descriptors.js":{"id":10,"buildMeta":{"providedExports":true}},"./node_modules/_core-js@2.6.9@core-js/library/modules/_has.js":{"id":11,"buildMeta":{"providedExports":true}},"./node_modules/_babel-runtime@6.26.0@babel-runtime/helpers/extends.js":{"id":12,"buildMeta":{"providedExports":true}},"./node_modules/_element-ui@2.4.6@element-ui/lib/mixins/emitter.js":{"id":13,"buildMeta":{"providedExports":true}},"./node_modules/_core-js@2.6.9@core-js/library/modules/_hide.js":{"id":14,"buildMeta":{"providedExports":true}},"./node_modules/_core-js@2.6.9@core-js/library/modules/_object-dp.js":{"id":15,"buildMeta":{"providedExports":true}},"./node_modules/_core-js@2.6.9@core-js/library/modules/_to-iobject.js":{"id":16,"buildMeta":{"providedExports":true}},"./node_modules/_core-js@2.6.9@core-js/library/modules/_wks.js":{"id":17,"buildMeta":{"providedExports":true}},"./node_modules/_async-validator@1.8.5@async-validator/es/messages.js":{"id":18,"buildMeta":{"exportsType":"namespace","providedExports":["newMessages","messages"]}},"./node_modules/_process@0.11.10@process/browser.js":{"id":19,"buildMeta":{"providedExports":true}},"./node_modules/_core-js@2.6.9@core-js/library/modules/_core.js":{"id":20,"buildMeta":{"providedExports":true}},"./node_modules/_core-js@2.6.9@core-js/library/modules/_is-object.js":{"id":21,"buildMeta":{"providedExports":true}},"./node_modules/_core-js@2.6.9@core-js/library/modules/_fails.js":{"id":22,"buildMeta":{"providedExports":true}},"./node_modules/_async-validator@1.8.5@async-validator/es/validator/index.js":{"id":23,"buildMeta":{"exportsType":"namespace","providedExports":["default"]}},"./node_modules/_core-js@2.6.9@core-js/library/modules/_an-object.js":{"id":24,"buildMeta":{"providedExports":true}},"./node_modules/_core-js@2.6.9@core-js/library/modules/_property-desc.js":{"id":25,"buildMeta":{"providedExports":true}},"./node_modules/_core-js@2.6.9@core-js/library/modules/_object-keys.js":{"id":26,"buildMeta":{"providedExports":true}},"./node_modules/_core-js@2.6.9@core-js/library/modules/_library.js":{"id":27,"buildMeta":{"providedExports":true}},"./node_modules/_core-js@2.6.9@core-js/library/modules/_uid.js":{"id":28,"buildMeta":{"providedExports":true}},"./node_modules/_core-js@2.6.9@core-js/library/modules/_object-pie.js":{"id":29,"buildMeta":{"providedExports":true}},"./node_modules/_async-validator@1.8.5@async-validator/es/rule/required.js":{"id":30,"buildMeta":{"exportsType":"namespace","providedExports":["default"]}},"./node_modules/_async-validator@1.8.5@async-validator/es/validator/type.js":{"id":31,"buildMeta":{"exportsType":"namespace","providedExports":["default"]}},"./node_modules/_timers-browserify@2.0.11@timers-browserify/main.js":{"id":33,"buildMeta":{"providedExports":true}},"./node_modules/_setimmediate@1.0.5@setimmediate/setImmediate.js":{"id":34,"buildMeta":{"providedExports":true}},"./node_modules/_element-ui@2.4.6@element-ui/lib/locale/index.js":{"id":35,"buildMeta":{"providedExports":true}},"./node_modules/_element-ui@2.4.6@element-ui/lib/input.js":{"id":36,"buildMeta":{"providedExports":true}},"./node_modules/_element-ui@2.4.6@element-ui/lib/utils/shared.js":{"id":37,"buildMeta":{"providedExports":true}},"./node_modules/_element-ui@2.4.6@element-ui/lib/utils/merge.js":{"id":38,"buildMeta":{"providedExports":true}},"./node_modules/_element-ui@2.4.6@element-ui/lib/utils/vue-popper.js":{"id":39,"buildMeta":{"providedExports":true}},"./node_modules/_element-ui@2.4.6@element-ui/lib/utils/scrollbar-width.js":{"id":40,"buildMeta":{"providedExports":true}},"./node_modules/_throttle-debounce@1.1.0@throttle-debounce/debounce.js":{"id":41,"buildMeta":{"providedExports":true}},"./node_modules/_element-ui@2.4.6@element-ui/lib/utils/resize-event.js":{"id":42,"buildMeta":{"providedExports":true}},"./node_modules/_element-ui@2.4.6@element-ui/lib/mixins/focus.js":{"id":43,"buildMeta":{"providedExports":true}},"./node_modules/_core-js@2.6.9@core-js/library/modules/_export.js":{"id":44,"buildMeta":{"providedExports":true}},"./node_modules/_core-js@2.6.9@core-js/library/modules/_to-primitive.js":{"id":45,"buildMeta":{"providedExports":true}},"./node_modules/_core-js@2.6.9@core-js/library/modules/_defined.js":{"id":46,"buildMeta":{"providedExports":true}},"./node_modules/_core-js@2.6.9@core-js/library/modules/_to-integer.js":{"id":47,"buildMeta":{"providedExports":true}},"./node_modules/_core-js@2.6.9@core-js/library/modules/_shared-key.js":{"id":48,"buildMeta":{"providedExports":true}},"./node_modules/_core-js@2.6.9@core-js/library/modules/_shared.js":{"id":49,"buildMeta":{"providedExports":true}},"./node_modules/_core-js@2.6.9@core-js/library/modules/_enum-bug-keys.js":{"id":50,"buildMeta":{"providedExports":true}},"./node_modules/_core-js@2.6.9@core-js/library/modules/_object-gops.js":{"id":51,"buildMeta":{"providedExports":true}},"./node_modules/_core-js@2.6.9@core-js/library/modules/_to-object.js":{"id":52,"buildMeta":{"providedExports":true}},"./node_modules/_core-js@2.6.9@core-js/library/modules/_iterators.js":{"id":53,"buildMeta":{"providedExports":true}},"./node_modules/_core-js@2.6.9@core-js/library/modules/_set-to-string-tag.js":{"id":54,"buildMeta":{"providedExports":true}},"./node_modules/_core-js@2.6.9@core-js/library/modules/_wks-ext.js":{"id":55,"buildMeta":{"providedExports":true}},"./node_modules/_core-js@2.6.9@core-js/library/modules/_wks-define.js":{"id":56,"buildMeta":{"providedExports":true}},"./node_modules/_element-ui@2.4.6@element-ui/lib/mixins/locale.js":{"id":189,"buildMeta":{"providedExports":true}},"./node_modules/_element-ui@2.4.6@element-ui/lib/mixins/migrating.js":{"id":190,"buildMeta":{"providedExports":true}},"./node_modules/_element-ui@2.4.6@element-ui/lib/utils/popup/index.js":{"id":191,"buildMeta":{"providedExports":true}},"./node_modules/_element-ui@2.4.6@element-ui/lib/utils/clickoutside.js":{"id":192,"buildMeta":{"providedExports":true}},"./node_modules/_throttle-debounce@1.1.0@throttle-debounce/throttle.js":{"id":193,"buildMeta":{"providedExports":true}},"./node_modules/_element-ui@2.4.6@element-ui/lib/scrollbar.js":{"id":194,"buildMeta":{"providedExports":true}},"./node_modules/_element-ui@2.4.6@element-ui/lib/utils/vdom.js":{"id":195,"buildMeta":{"providedExports":true}},"./node_modules/_element-ui@2.4.6@element-ui/lib/tag.js":{"id":196,"buildMeta":{"providedExports":true}},"./node_modules/_element-ui@2.4.6@element-ui/lib/utils/scroll-into-view.js":{"id":197,"buildMeta":{"providedExports":true}},"./node_modules/_core-js@2.6.9@core-js/library/modules/_ie8-dom-define.js":{"id":198,"buildMeta":{"providedExports":true}},"./node_modules/_core-js@2.6.9@core-js/library/modules/_dom-create.js":{"id":199,"buildMeta":{"providedExports":true}},"./node_modules/_core-js@2.6.9@core-js/library/modules/_object-keys-internal.js":{"id":200,"buildMeta":{"providedExports":true}},"./node_modules/_core-js@2.6.9@core-js/library/modules/_iobject.js":{"id":201,"buildMeta":{"providedExports":true}},"./node_modules/_core-js@2.6.9@core-js/library/modules/_cof.js":{"id":202,"buildMeta":{"providedExports":true}},"./node_modules/_core-js@2.6.9@core-js/library/modules/_iter-define.js":{"id":203,"buildMeta":{"providedExports":true}},"./node_modules/_core-js@2.6.9@core-js/library/modules/_redefine.js":{"id":204,"buildMeta":{"providedExports":true}},"./node_modules/_core-js@2.6.9@core-js/library/modules/_object-create.js":{"id":205,"buildMeta":{"providedExports":true}},"./node_modules/_core-js@2.6.9@core-js/library/modules/_object-gopn.js":{"id":206,"buildMeta":{"providedExports":true}},"./node_modules/_async-validator@1.8.5@async-validator/es/validator/string.js":{"id":207,"buildMeta":{"exportsType":"namespace","providedExports":["default"]}},"./node_modules/_async-validator@1.8.5@async-validator/es/rule/whitespace.js":{"id":208,"buildMeta":{"exportsType":"namespace","providedExports":["default"]}},"./node_modules/_async-validator@1.8.5@async-validator/es/rule/type.js":{"id":209,"buildMeta":{"exportsType":"namespace","providedExports":["default"]}},"./node_modules/_async-validator@1.8.5@async-validator/es/rule/range.js":{"id":210,"buildMeta":{"exportsType":"namespace","providedExports":["default"]}},"./node_modules/_async-validator@1.8.5@async-validator/es/rule/enum.js":{"id":211,"buildMeta":{"exportsType":"namespace","providedExports":["default"]}},"./node_modules/_async-validator@1.8.5@async-validator/es/rule/pattern.js":{"id":212,"buildMeta":{"exportsType":"namespace","providedExports":["default"]}},"./node_modules/_async-validator@1.8.5@async-validator/es/validator/method.js":{"id":213,"buildMeta":{"exportsType":"namespace","providedExports":["default"]}},"./node_modules/_async-validator@1.8.5@async-validator/es/validator/number.js":{"id":214,"buildMeta":{"exportsType":"namespace","providedExports":["default"]}},"./node_modules/_async-validator@1.8.5@async-validator/es/validator/boolean.js":{"id":215,"buildMeta":{"exportsType":"namespace","providedExports":["default"]}},"./node_modules/_async-validator@1.8.5@async-validator/es/validator/regexp.js":{"id":216,"buildMeta":{"exportsType":"namespace","providedExports":["default"]}},"./node_modules/_async-validator@1.8.5@async-validator/es/validator/integer.js":{"id":217,"buildMeta":{"exportsType":"namespace","providedExports":["default"]}},"./node_modules/_async-validator@1.8.5@async-validator/es/validator/float.js":{"id":218,"buildMeta":{"exportsType":"namespace","providedExports":["default"]}},"./node_modules/_async-validator@1.8.5@async-validator/es/validator/array.js":{"id":219,"buildMeta":{"exportsType":"namespace","providedExports":["default"]}},"./node_modules/_async-validator@1.8.5@async-validator/es/validator/object.js":{"id":220,"buildMeta":{"exportsType":"namespace","providedExports":["default"]}},"./node_modules/_async-validator@1.8.5@async-validator/es/validator/enum.js":{"id":221,"buildMeta":{"exportsType":"namespace","providedExports":["default"]}},"./node_modules/_async-validator@1.8.5@async-validator/es/validator/pattern.js":{"id":222,"buildMeta":{"exportsType":"namespace","providedExports":["default"]}},"./node_modules/_async-validator@1.8.5@async-validator/es/validator/date.js":{"id":223,"buildMeta":{"exportsType":"namespace","providedExports":["default"]}},"./node_modules/_async-validator@1.8.5@async-validator/es/validator/required.js":{"id":224,"buildMeta":{"exportsType":"namespace","providedExports":["default"]}},"./node_modules/_element-ui@2.4.6@element-ui/lib/element-ui.common.js":{"id":249,"buildMeta":{"providedExports":true}},"./node_modules/_element-ui@2.4.6@element-ui/lib/locale/lang/zh-CN.js":{"id":250,"buildMeta":{"providedExports":true}},"./node_modules/_deepmerge@1.5.2@deepmerge/dist/cjs.js":{"id":251,"buildMeta":{"providedExports":true}},"./node_modules/_element-ui@2.4.6@element-ui/lib/locale/format.js":{"id":252,"buildMeta":{"providedExports":true}},"./node_modules/_element-ui@2.4.6@element-ui/lib/utils/popup/popup-manager.js":{"id":253,"buildMeta":{"providedExports":true}},"./node_modules/_element-ui@2.4.6@element-ui/lib/utils/popper.js":{"id":254,"buildMeta":{"providedExports":true}},"./node_modules/_element-ui@2.4.6@element-ui/lib/checkbox.js":{"id":255,"buildMeta":{"providedExports":true}},"./node_modules/_element-ui@2.4.6@element-ui/lib/button.js":{"id":256,"buildMeta":{"providedExports":true}},"./node_modules/_resize-observer-polyfill@1.5.1@resize-observer-polyfill/dist/ResizeObserver.es.js":{"id":257,"buildMeta":{"exportsType":"namespace","providedExports":["default"]}},"./node_modules/_element-ui@2.4.6@element-ui/lib/transitions/collapse-transition.js":{"id":258,"buildMeta":{"providedExports":true}},"./node_modules/_element-ui@2.4.6@element-ui/lib/tooltip.js":{"id":259,"buildMeta":{"providedExports":true}},"./node_modules/_element-ui@2.4.6@element-ui/lib/checkbox-group.js":{"id":260,"buildMeta":{"providedExports":true}},"./node_modules/_element-ui@2.4.6@element-ui/lib/utils/after-leave.js":{"id":261,"buildMeta":{"providedExports":true}},"./node_modules/_element-ui@2.4.6@element-ui/lib/progress.js":{"id":262,"buildMeta":{"providedExports":true}},"./node_modules/_babel-helper-vue-jsx-merge-props@2.0.3@babel-helper-vue-jsx-merge-props/index.js":{"id":263,"buildMeta":{"providedExports":true}},"./node_modules/_element-ui@2.4.6@element-ui/lib/select.js":{"id":264,"buildMeta":{"providedExports":true}},"./node_modules/_element-ui@2.4.6@element-ui/lib/option.js":{"id":265,"buildMeta":{"providedExports":true}},"./node_modules/_element-ui@2.4.6@element-ui/lib/button-group.js":{"id":266,"buildMeta":{"providedExports":true}},"./node_modules/_normalize-wheel@1.0.1@normalize-wheel/index.js":{"id":267,"buildMeta":{"providedExports":true}},"./node_modules/_normalize-wheel@1.0.1@normalize-wheel/src/normalizeWheel.js":{"id":268,"buildMeta":{"providedExports":true}},"./node_modules/_normalize-wheel@1.0.1@normalize-wheel/src/UserAgent_DEPRECATED.js":{"id":269,"buildMeta":{"providedExports":true}},"./node_modules/_normalize-wheel@1.0.1@normalize-wheel/src/isEventSupported.js":{"id":270,"buildMeta":{"providedExports":true}},"./node_modules/_normalize-wheel@1.0.1@normalize-wheel/src/ExecutionEnvironment.js":{"id":271,"buildMeta":{"providedExports":true}},"./node_modules/_element-ui@2.4.6@element-ui/lib/utils/date.js":{"id":272,"buildMeta":{"providedExports":true}},"./node_modules/_element-ui@2.4.6@element-ui/lib/utils/aria-dialog.js":{"id":273,"buildMeta":{"providedExports":true}},"./node_modules/_element-ui@2.4.6@element-ui/lib/utils/aria-utils.js":{"id":274,"buildMeta":{"providedExports":true}},"./node_modules/_async-validator@1.8.5@async-validator/es/index.js":{"id":275,"buildMeta":{"exportsType":"namespace","providedExports":["default"]}},"./node_modules/_babel-runtime@6.26.0@babel-runtime/core-js/object/assign.js":{"id":276,"buildMeta":{"providedExports":true}},"./node_modules/_core-js@2.6.9@core-js/library/fn/object/assign.js":{"id":277,"buildMeta":{"providedExports":true}},"./node_modules/_core-js@2.6.9@core-js/library/modules/es6.object.assign.js":{"id":278,"buildMeta":{"providedExports":true}},"./node_modules/_core-js@2.6.9@core-js/library/modules/_ctx.js":{"id":279,"buildMeta":{"providedExports":true}},"./node_modules/_core-js@2.6.9@core-js/library/modules/_a-function.js":{"id":280,"buildMeta":{"providedExports":true}},"./node_modules/_core-js@2.6.9@core-js/library/modules/_object-assign.js":{"id":281,"buildMeta":{"providedExports":true}},"./node_modules/_core-js@2.6.9@core-js/library/modules/_array-includes.js":{"id":282,"buildMeta":{"providedExports":true}},"./node_modules/_core-js@2.6.9@core-js/library/modules/_to-length.js":{"id":283,"buildMeta":{"providedExports":true}},"./node_modules/_core-js@2.6.9@core-js/library/modules/_to-absolute-index.js":{"id":284,"buildMeta":{"providedExports":true}},"./node_modules/_babel-runtime@6.26.0@babel-runtime/core-js/symbol/iterator.js":{"id":285,"buildMeta":{"providedExports":true}},"./node_modules/_core-js@2.6.9@core-js/library/fn/symbol/iterator.js":{"id":286,"buildMeta":{"providedExports":true}},"./node_modules/_core-js@2.6.9@core-js/library/modules/es6.string.iterator.js":{"id":287,"buildMeta":{"providedExports":true}},"./node_modules/_core-js@2.6.9@core-js/library/modules/_string-at.js":{"id":288,"buildMeta":{"providedExports":true}},"./node_modules/_core-js@2.6.9@core-js/library/modules/_iter-create.js":{"id":289,"buildMeta":{"providedExports":true}},"./node_modules/_core-js@2.6.9@core-js/library/modules/_object-dps.js":{"id":290,"buildMeta":{"providedExports":true}},"./node_modules/_core-js@2.6.9@core-js/library/modules/_html.js":{"id":291,"buildMeta":{"providedExports":true}},"./node_modules/_core-js@2.6.9@core-js/library/modules/_object-gpo.js":{"id":292,"buildMeta":{"providedExports":true}},"./node_modules/_core-js@2.6.9@core-js/library/modules/web.dom.iterable.js":{"id":293,"buildMeta":{"providedExports":true}},"./node_modules/_core-js@2.6.9@core-js/library/modules/es6.array.iterator.js":{"id":294,"buildMeta":{"providedExports":true}},"./node_modules/_core-js@2.6.9@core-js/library/modules/_add-to-unscopables.js":{"id":295,"buildMeta":{"providedExports":true}},"./node_modules/_core-js@2.6.9@core-js/library/modules/_iter-step.js":{"id":296,"buildMeta":{"providedExports":true}},"./node_modules/_babel-runtime@6.26.0@babel-runtime/core-js/symbol.js":{"id":297,"buildMeta":{"providedExports":true}},"./node_modules/_core-js@2.6.9@core-js/library/fn/symbol/index.js":{"id":298,"buildMeta":{"providedExports":true}},"./node_modules/_core-js@2.6.9@core-js/library/modules/es6.symbol.js":{"id":299,"buildMeta":{"providedExports":true}},"./node_modules/_core-js@2.6.9@core-js/library/modules/_meta.js":{"id":300,"buildMeta":{"providedExports":true}},"./node_modules/_core-js@2.6.9@core-js/library/modules/_enum-keys.js":{"id":301,"buildMeta":{"providedExports":true}},"./node_modules/_core-js@2.6.9@core-js/library/modules/_is-array.js":{"id":302,"buildMeta":{"providedExports":true}},"./node_modules/_core-js@2.6.9@core-js/library/modules/_object-gopn-ext.js":{"id":303,"buildMeta":{"providedExports":true}},"./node_modules/_core-js@2.6.9@core-js/library/modules/_object-gopd.js":{"id":304,"buildMeta":{"providedExports":true}},"./node_modules/_core-js@2.6.9@core-js/library/modules/es6.object.to-string.js":{"id":305,"buildMeta":{"providedExports":true}},"./node_modules/_core-js@2.6.9@core-js/library/modules/es7.symbol.async-iterator.js":{"id":306,"buildMeta":{"providedExports":true}},"./node_modules/_core-js@2.6.9@core-js/library/modules/es7.symbol.observable.js":{"id":307,"buildMeta":{"providedExports":true}},"./node_modules/_element-ui@2.4.6@element-ui/lib/input-number.js":{"id":308,"buildMeta":{"providedExports":true}}}}