{"name":"vuePolymerizationLib_c5dc","content":{"./node_modules/_vue@2.6.10@vue/dist/vue.runtime.esm.js":{"id":4,"buildMeta":{"exportsType":"namespace","providedExports":["default"]}},"./node_modules/_webpack@4.41.0@webpack/buildin/global.js":{"id":7,"buildMeta":{"providedExports":true}},"./node_modules/_process@0.11.10@process/browser.js":{"id":19,"buildMeta":{"providedExports":true}},"./node_modules/_timers-browserify@2.0.11@timers-browserify/main.js":{"id":33,"buildMeta":{"providedExports":true}},"./node_modules/_setimmediate@1.0.5@setimmediate/setImmediate.js":{"id":34,"buildMeta":{"providedExports":true}},"./node_modules/_vue-router@3.0.1@vue-router/dist/vue-router.esm.js":{"id":310,"buildMeta":{"exportsType":"namespace","providedExports":["default"]}},"./node_modules/_vuex@3.0.1@vuex/dist/vuex.esm.js":{"id":311,"buildMeta":{"exportsType":"namespace","providedExports":["Store","install","mapState","mapMutations","mapGetters","mapActions","createNamespacedHelpers","default"]}},"./node_modules/_vue-quill-editor@3.0.6@vue-quill-editor/dist/vue-quill-editor.js":{"id":312,"buildMeta":{"providedExports":true}},"./node_modules/_quill@1.3.7@quill/dist/quill.js":{"id":313,"buildMeta":{"providedExports":true}},"./node_modules/_buffer@4.9.1@buffer/index.js":{"id":314,"buildMeta":{"providedExports":true}},"./node_modules/_base64-js@1.3.1@base64-js/index.js":{"id":315,"buildMeta":{"providedExports":true}},"./node_modules/_ieee754@1.1.13@ieee754/index.js":{"id":316,"buildMeta":{"providedExports":true}},"./node_modules/_isarray@1.0.0@isarray/index.js":{"id":317,"buildMeta":{"providedExports":true}}}}